District Name,District Code,First Language Not English #,First Language Not English %,English Language Learner #,English Language Learner %,Students With Disabilities #,Students With Disabilities %,Low Income #,Low Income %,Free Lunch #,Free Lunch %,Reduced Lunch #,Reduced Lunch %,High Needs #,High Needs #,Economically Disadvantaged #,Economically Disadvantaged %
Abby Kelley Foster Charter Public (District),04450000,925,64.9,157,11,175,12.3,,,,,,,802,56.3,552,38.7
Abington,00010000,272,12.7,144,6.7,351,16.2,,,,,,,835,38.4,523,24.4
Academy Of the Pacific Rim Charter Public (District),04120000,171,32.4,60,11.4,133,25.2,,,,,,,348,66,218,41.4
Acton-Boxborough,06000000,1119,20.7,279,5.2,866,15.7,,,,,,,1511,27.5,382,7.1
Acushnet,00030000,13,1.3,9,0.9,142,13.9,,,,,,,361,35.2,260,25.7
Advanced Math and Science Academy Charter (District),04300000,237,24.6,32,3.3,61,6.3,,,,,,,231,24,82,8.5
Agawam,00050000,427,11.6,168,4.6,599,16.2,,,,,,,1570,42.4,1105,30.1
Alma del Mar Charter School (District),04090000,303,46.4,202,30.9,115,17.6,,,,,,,508,77.8,387,59.3
Amesbury,00070000,77,3.8,41,2,468,22.8,,,,,,,783,38.2,465,23.1
Amherst,00080000,340,31.1,179,16.4,233,21.3,,,,,,,537,49,346,31.7
Amherst-Pelham,06050000,258,19.2,99,7.4,289,21.3,,,,,,,552,40.6,358,26.6
Andover,00090000,963,16.4,181,3.1,1232,20.7,,,,,,,1835,30.9,501,8.6
Argosy Collegiate Charter School (District),35090000,187,35.6,130,24.8,94,17.9,,,,,,,396,75.4,307,58.5
Arlington,00100000,770,12.7,293,4.8,974,15.9,,,,,,,1623,26.5,476,7.9
Ashburnham-Westminster,06100000,87,3.7,39,1.7,448,18.9,,,,,,,733,31,368,15.6
Ashland,00140000,742,26,191,6.7,509,17.7,,,,,,,989,34.3,446,15.7
Assabet Valley Regional Vocational Technical,08010000,173,15.2,44,3.9,308,27,,,,,,,599,52.5,330,28.9
Athol-Royalston,06150000,54,3.6,32,2.1,384,24.9,,,,,,,974,63.1,821,54
Atlantis Charter (District),04910000,325,25,167,12.8,177,13.6,,,,,,,746,57.3,565,43.4
Attleboro,00160000,837,14,323,5.4,1003,16.7,,,,,,,2667,44.3,1821,30.4
Auburn,00170000,218,8.3,65,2.5,274,10.3,,,,,,,801,30.2,513,19.5
Avon,00180000,61,8.4,27,3.7,126,17.3,,,,,,,326,44.7,212,29.2
Ayer Shirley School District,06160000,153,9.1,57,3.4,357,20.8,,,,,,,711,41.4,431,25.6
Barnstable,00200000,1188,23.6,634,12.6,862,17,,,,,,,2714,53.4,1851,36.7
Baystate Academy Charter Public School (District),35020000,108,23.3,41,8.9,92,19.9,,,,,,,349,75.4,307,66.3
Bedford,00230000,500,18.6,155,5.8,475,17.4,,,,,,,858,31.4,250,9.3
Belchertown,00240000,47,2.1,23,1,429,19,,,,,,,742,32.9,427,19.1
Bellingham,00250000,99,4.6,43,2,453,20.9,,,,,,,800,36.8,438,20.5
Belmont,00260000,1215,25.9,385,8.2,513,10.7,,,,,,,1330,27.7,335,7.1
Benjamin Banneker Charter Public (District),04200000,88,26.2,17,5.1,50,14.9,,,,,,,195,58,165,49.1
Benjamin Franklin Classical Charter Public (District),04470000,143,20.2,47,6.6,87,12.3,,,,,,,204,28.8,71,10
Bentley Academy Charter School (District),35110000,159,47.9,70,21.1,47,14.2,,,,,,,256,77.1,228,68.7
Berkley,00270000,8,0.9,8,0.9,141,15.4,,,,,,,273,29.7,169,18.5
Berkshire Arts and Technology Charter Public (District),04140000,5,1.3,3,0.8,77,20.7,,,,,,,206,55.4,167,44.9
Berkshire Hills,06180000,108,9.1,45,3.8,227,18.9,,,,,,,514,42.9,364,30.7
Berlin-Boylston,06200000,103,9.8,24,2.3,177,16.7,,,,,,,299,28.3,134,12.8
Beverly,00300000,414,8.8,172,3.7,919,19.2,,,,,,,1917,40.1,1234,26.3
Billerica,00310000,460,9.6,70,1.5,962,19.8,,,,,,,1612,33.2,838,17.5
Blackstone Valley Regional Vocational Technical,08050000,5,0.4,2,0.2,130,10.6,,,,,,,228,18.6,117,9.6
Blackstone-Millville,06220000,104,6.3,28,1.7,292,17.5,,,,,,,644,38.7,404,24.6
Blue Hills Regional Vocational Technical,08060000,67,7.8,8,0.9,218,25.5,,,,,,,404,47.2,220,25.7
Boston,00350000,24493,48.5,16345,32.4,10858,21.3,,,,,,,39011,76.7,29419,58.3
Boston Collegiate Charter (District),04490000,97,14,34,4.9,109,15.7,,,,,,,344,49.6,210,30.3
Boston Day and Evening Academy Charter (District),04240000,146,35.3,61,14.7,150,36.2,,,,,,,329,79.5,269,65
Boston Green Academy Horace Mann Charter School (District),04110000,190,38,84,16.8,159,31.8,,,,,,,392,78.4,304,60.8
Boston Preparatory Charter Public (District),04160000,213,36.7,108,18.6,124,21.3,,,,,,,428,73.7,295,50.8
Boston Renaissance Charter Public (District),04810000,258,27.7,113,12.2,108,11.6,,,,,,,607,65.3,497,53.4
Bourne,00360000,23,1.2,14,0.7,329,17.1,,,,,,,736,38.3,510,26.7
Boxford,00380000,15,2,13,1.7,121,16.1,,,,,,,161,21.4,41,5.5
Braintree,00400000,1064,18.4,339,5.8,1158,19.8,,,,,,,2298,39.3,1059,18.3
Brewster,00410000,19,4,13,2.8,93,19.7,,,,,,,194,41.2,143,30.4
Bridge Boston Charter School (District),04170000,138,41.3,100,29.9,79,23.7,,,,,,,272,81.4,210,62.9
Bridgewater-Raynham,06250000,247,4.6,134,2.5,886,16.3,,,,,,,1664,30.6,957,17.7
Brimfield,00430000,2,0.7,2,0.7,52,17.2,,,,,,,108,35.8,68,22.7
Bristol County Agricultural,09100000,0,0,0,0,59,13.1,,,,,,,155,34.4,114,25.3
Bristol-Plymouth Regional Vocational Technical,08100000,37,2.8,4,0.3,244,18.7,,,,,,,535,41,360,27.6
Brockton,00440000,7100,44.3,4194,26.2,2672,16.6,,,,,,,11815,73.4,9212,57.5
Brooke Charter School (District),04280000,654,33.2,141,7.2,204,10.4,,,,,,,1180,59.9,916,46.5
Brookfield,00450000,3,1,1,0.3,42,13.7,,,,,,,121,39.4,98,31.9
Brookline,00460000,2447,31.5,858,11,1277,16.3,,,,,,,2841,36.2,713,9.2
Burlington,00480000,704,20.1,170,4.8,501,13.9,,,,,,,1051,29.2,445,12.7
Cambridge,00490000,1994,28.1,534,7.5,1596,22.1,,,,,,,3379,46.7,1975,27.9
Canton,00500000,219,6.6,80,2.4,353,10.5,,,,,,,856,25.6,478,14.5
Cape Cod Lighthouse Charter (District),04320000,7,2.9,2,0.8,45,18.8,,,,,,,82,34.3,39,16.3
Cape Cod Regional Vocational Technical,08150000,29,4.7,15,2.4,174,28.2,,,,,,,365,59.3,238,38.6
Carlisle,00510000,26,4.4,20,3.4,112,18.5,,,,,,,158,26.1,26,4.4
Carver,00520000,27,1.7,21,1.3,327,20.5,,,,,,,606,38.1,377,23.9
Central Berkshire,06350000,13,0.8,7,0.4,225,14.3,,,,,,,607,38.5,475,30.4
Chelmsford,00560000,898,17.9,210,4.2,831,16.3,,,,,,,1525,29.9,647,12.9
Chelsea,00570000,5225,83.5,2660,42.5,993,15.5,,,,,,,5304,82.8,3994,63.9
Chesterfield-Goshen,06320000,1,0.8,0,0,28,21.9,,,,,,,52,40.6,30,23.4
Chicopee,00610000,984,13.5,418,5.8,1342,18.4,,,,,,,4512,61.8,3900,53.7
Christa McAuliffe Charter Public (District),04180000,14,3.5,14,3.5,81,20.2,,,,,,,189,47.1,106,26.4
City on a Hill Charter Public School Circuit Street (District),04370000,58,25.4,33,14.5,47,20.6,,,,,,,162,71.1,121,53.1
City on a Hill Charter Public School Dudley Square (District),35040000,81,42,48,24.9,50,25.9,,,,,,,154,79.8,112,58
City on a Hill Charter Public School New Bedford (District),35070000,69,46.3,34,22.8,48,32.2,,,,,,,126,84.6,110,73.8
Clarksburg,00630000,0,0,0,0,38,19.2,,,,,,,93,47,69,35
Clinton,00640000,504,26.5,237,12.5,404,20.9,,,,,,,1075,55.6,731,38.5
Codman Academy Charter Public (District),04380000,62,18.3,43,12.7,74,21.8,,,,,,,244,72,209,61.7
Cohasset,00650000,12,0.8,3,0.2,196,12.9,,,,,,,270,17.8,90,6
Collegiate Charter School of Lowell (District),35030000,291,31.2,228,24.5,69,7.4,,,,,,,595,63.8,428,45.9
Community Charter School of Cambridge (District),04360000,144,44.2,23,7.1,42,12.9,,,,,,,160,49.1,112,34.4
Community Day Charter Public School - Gateway (District),04260000,261,65.3,90,22.5,43,10.8,,,,,,,313,78.3,204,51
Community Day Charter Public School - Prospect (District),04400000,269,67.3,114,28.5,51,12.8,,,,,,,312,78,196,49
Community Day Charter Public School - R. Kingman Webster (District),04310000,228,57.1,97,24.3,38,9.5,,,,,,,307,76.9,212,53.1
Concord,00670000,169,8.2,59,2.9,378,18.1,,,,,,,552,26.4,136,6.6
Concord-Carlisle,06400000,70,5.5,8,0.6,252,19.2,,,,,,,310,23.6,76,5.9
Conservatory Lab Charter (District),04390000,98,21.6,75,16.6,59,13,,,,,,,316,69.8,247,54.5
Conway,00680000,0,0,0,0,27,20.3,,,,,,,47,35.3,30,22.6
Danvers,00710000,143,4.2,46,1.3,634,18.3,,,,,,,1118,32.2,598,17.5
Dartmouth,00720000,109,3,69,1.9,602,16.6,,,,,,,1265,34.9,804,22.5
Dedham,00730000,389,14.2,196,7.2,615,22.1,,,,,,,1130,40.7,597,21.8
Deerfield,00740000,11,2.8,6,1.6,83,21.5,,,,,,,129,33.4,76,19.7
Dennis-Yarmouth,06450000,568,19.5,318,10.9,572,19.3,,,,,,,1716,58,1269,43.6
Dighton-Rehoboth,06500000,33,1.2,8,0.3,429,14.9,,,,,,,784,27.3,455,16
Douglas,00770000,15,1.2,14,1.1,238,18.3,,,,,,,407,31.4,214,16.7
Dover,00780000,32,6.5,25,5.1,72,14.6,,,,,,,105,21.3,7,1.4
Dover-Sherborn,06550000,67,5.6,6,0.5,213,17.2,,,,,,,263,21.2,40,3.3
Dracut,00790000,151,4.1,69,1.9,561,15,,,,,,,1392,37.3,920,25
Dudley Street Neighborhood Charter School (District),04070000,117,43.2,108,39.9,36,13.3,,,,,,,215,79.3,163,60.1
Dudley-Charlton Reg,06580000,291,7.9,121,3.3,591,15.8,,,,,,,1299,34.8,833,22.5
Duxbury,00820000,58,2,9,0.3,437,14.6,,,,,,,591,19.7,184,6.2
East Bridgewater,00830000,28,1.3,13,0.6,401,17.9,,,,,,,721,32.2,413,18.6
East Longmeadow,00870000,194,7.5,42,1.6,496,18.8,,,,,,,893,33.9,484,18.7
Eastham,00850000,18,9.3,6,3.1,34,17.5,,,,,,,89,45.9,67,34.5
Easthampton,00860000,94,6.1,38,2.5,312,19.9,,,,,,,693,44.3,503,32.6
Easton,00880000,191,5.3,62,1.7,658,18.2,,,,,,,1049,29,496,13.9
Edgartown,00890000,141,36.1,83,21.2,85,21.7,,,,,,,222,56.8,129,33
Edward M. Kennedy Academy for Health Careers (Horace Mann Charter) (District),04520000,214,55.2,63,16.2,74,19.1,,,,,,,300,77.3,234,60.3
Erving,00910000,2,1.5,2,1.5,27,20,,,,,,,56,41.5,35,26.3
Essex North Shore Agricultural and Technical School District,08170000,115,7.7,4,0.3,247,16.6,,,,,,,478,32,265,17.8
Everett,00930000,4625,65.5,1861,26.4,1110,15.5,,,,,,,5197,72.7,3729,52.8
Excel Academy Charter (District),04100000,833,60.8,120,8.8,271,19.8,,,,,,,959,70,626,45.7
Fairhaven,00940000,83,4.1,33,1.6,361,17.5,,,,,,,815,39.5,580,28.4
Fall River,00950000,2806,27.4,1947,19,2341,22.6,,,,,,,8113,78.3,7164,70
Falmouth,00960000,245,7.5,142,4.4,597,18.2,,,,,,,1371,41.7,959,29.5
Farmington River Reg,06620000,0,0,0,0,23,21.9,,,,,,,48,45.7,35,33.3
Fitchburg,00970000,1935,36.2,860,16.1,1296,23.7,,,,,,,3992,73,3306,61.9
Florida,00980000,0,0,0,0,19,20,,,,,,,35,36.8,23,24.2
Four Rivers Charter Public (District),04130000,4,1.8,0,0,28,12.9,,,,,,,70,32.3,52,24
Foxborough,00990000,110,4.3,64,2.5,534,20.7,,,,,,,857,33.2,415,16.2
Foxborough Regional Charter (District),04460000,310,18.7,124,7.5,156,9.4,,,,,,,688,41.5,407,24.5
Framingham,01000000,4288,47.2,2283,25.1,2029,21.8,,,,,,,5699,61.2,3523,38.8
Francis W. Parker Charter Essential (District),04780000,7,1.8,0,0,58,14.6,,,,,,,83,20.9,33,8.3
Franklin,01010000,281,5.5,63,1.2,955,18.6,,,,,,,1378,26.8,526,10.4
Franklin County Regional Vocational Technical,08180000,0,0,0,0,163,32.3,,,,,,,285,56.4,187,37
Freetown-Lakeville,06650000,39,1.4,18,0.6,487,17,,,,,,,859,30,516,18.2
Frontier,06700000,21,3.2,5,0.8,130,19.6,,,,,,,213,32.1,128,19.5
Gardner,01030000,228,9.7,124,5.3,521,22,,,,,,,1468,62,1217,51.9
Gateway,06720000,32,3.9,16,1.9,171,20.6,,,,,,,367,44.2,267,32.3
Georgetown,01050000,19,1.4,0,0,237,17.2,,,,,,,319,23.1,119,8.7
Gill-Montague,06740000,93,10,64,6.9,214,22.8,,,,,,,556,59.1,441,47.4
Global Learning Charter Public (District),04960000,192,37.9,45,8.9,65,12.8,,,,,,,346,68.2,254,50.1
Gloucester,01070000,311,10.9,199,7,758,26.2,,,,,,,1541,53.2,1070,37.5
Gosnold,01090000,0,0,0,0,0,0,,,,,,,0,0,0,0
Grafton,01100000,111,3.5,58,1.8,649,20.1,,,,,,,968,30,419,13.1
Granby,01110000,52,6.9,35,4.6,141,18.5,,,,,,,297,39,205,27.2
Greater Fall River Regional Vocational Technical,08210000,105,7.3,20,1.4,152,10.6,,,,,,,634,44.2,533,37.2
Greater Lawrence Regional Vocational Technical,08230000,718,45.1,203,12.8,285,17.9,,,,,,,1125,70.7,878,55.2
Greater Lowell Regional Vocational Technical,08280000,577,25.4,205,9,422,18.6,,,,,,,1418,62.4,1017,44.8
Greater New Bedford Regional Vocational Technical,08250000,405,19.1,73,3.4,224,10.5,,,,,,,1044,49.2,836,39.4
Greenfield,01140000,171,10,94,5.5,324,18.5,,,,,,,1049,59.9,894,52
Greenfield Commonwealth Virtual District,39010000,32,4.8,8,1.2,102,15.4,,,,,,,406,61.2,363,54.8
Groton-Dunstable,06730000,63,2.7,32,1.4,393,16.5,,,,,,,535,22.5,163,6.9
Hadley,01170000,38,7.2,26,4.9,83,15.5,,,,,,,172,32.2,107,20.2
Halifax,01180000,9,1.5,6,1,102,16.9,,,,,,,201,33.3,113,19.3
Hamilton-Wenham,06750000,35,1.9,12,0.7,355,18.8,,,,,,,448,23.7,128,7
Hampden Charter School of Science East (District),04990000,29,5.5,25,4.8,57,10.9,,,,,,,270,51.5,224,42.7
Hampden Charter School of Science West (District),35160000,29,11.1,24,9.2,45,17.2,,,,,,,157,59.9,122,46.6
Hampden-Wilbraham,06800000,98,3.3,44,1.5,447,14.8,,,,,,,843,27.9,489,16.3
Hampshire,06830000,26,3.5,11,1.5,179,24.1,,,,,,,246,33.1,116,15.8
Hancock,01210000,1,2.1,0,0,10,21.3,,,,,,,14,29.8,8,17
Hanover,01220000,80,3,23,0.9,493,18.5,,,,,,,679,25.4,216,8.2
Harvard,01250000,53,5.1,9,0.9,117,11,,,,,,,188,17.7,63,6
Hatfield,01270000,3,0.7,0,0,90,20.8,,,,,,,132,30.5,63,14.6
Haverhill,01280000,1236,15.3,776,9.6,1858,22.8,,,,,,,5017,61.6,3891,48.3
Hawlemont,06850000,5,3.5,5,3.5,41,28.5,,,,,,,84,58.3,70,49
Helen Y. Davis Leadership Academy Charter Public (District),04190000,19,9.2,12,5.8,45,21.7,,,,,,,145,70,118,57
Hill View Montessori Charter Public (District),04550000,38,12.4,24,7.8,44,14.3,,,,,,,115,37.5,58,18.9
Hilltown Cooperative Charter Public (District),04500000,1,0.5,0,0,45,20.6,,,,,,,66,30.3,37,17
Hingham,01310000,71,1.7,15,0.4,604,14,,,,,,,792,18.4,236,5.5
Holbrook,01330000,251,19.2,74,5.7,269,20,,,,,,,668,49.7,414,31.6
Holland,01350000,0,0,0,0,32,13.8,,,,,,,90,38.8,72,31
Holliston,01360000,290,10,63,2.2,477,16.2,,,,,,,712,24.2,200,6.9
Holyoke,01370000,2142,40,1145,21.4,1495,27.5,,,,,,,4560,83.9,4181,78.1
Holyoke Community Charter (District),04530000,202,28.8,91,13,134,19.1,,,,,,,534,76.2,469,66.9
Hoosac Valley Regional,06030000,18,1.6,9,0.8,268,24.2,,,,,,,659,59.6,564,51.1
Hopedale,01380000,67,6.2,24,2.2,239,21.7,,,,,,,329,29.9,135,12.5
Hopkinton,01390000,517,13.4,238,6.2,476,12.2,,,,,,,944,24.2,207,5.4
Hudson,01410000,652,25.4,292,11.4,440,16.9,,,,,,,1099,42.1,635,24.7
Hull,01420000,17,2,9,1.1,188,21.5,,,,,,,380,43.4,262,30.7
Innovation Academy Charter (District),04350000,71,8.9,20,2.5,110,13.8,,,,,,,247,31,111,13.9
Ipswich,01440000,96,5.7,40,2.4,310,18.2,,,,,,,501,29.4,245,14.6
King Philip,06900000,2,0.1,1,0.1,321,15.9,,,,,,,468,23.1,201,10.2
Kingston,01450000,33,3.1,25,2.3,197,18.1,,,,,,,339,31.1,169,15.9
KIPP Academy Boston Charter School (District),04630000,290,49.9,117,20.1,117,20.1,,,,,,,475,81.8,372,64
KIPP Academy Lynn Charter (District),04290000,1234,77,228,14.2,194,12.1,,,,,,,1148,71.7,824,51.4
Lawrence,01490000,9798,72.3,4899,36.2,2529,18.5,,,,,,,11712,85.7,9577,70.7
Lawrence Family Development Charter (District),04540000,607,77.8,200,25.6,63,8.1,,,,,,,611,78.3,461,59.1
Lee,01500000,56,7.9,32,4.5,106,14.8,,,,,,,320,44.6,239,33.5
Leicester,01510000,127,8.5,52,3.5,253,16.7,,,,,,,587,38.8,393,26.4
Lenox,01520000,55,7.1,18,2.3,78,10,,,,,,,201,25.8,136,17.5
Leominster,01530000,1681,27.7,724,11.9,1441,23.4,,,,,,,3519,57,2479,40.8
Leverett,01540000,0,0,0,0,15,10.6,,,,,,,32,22.5,21,14.8
Lexington,01550000,2354,32.7,635,8.8,1051,14.4,,,,,,,2242,30.7,389,5.4
Libertas Academy Charter School (District),35140000,133,49.8,95,35.6,52,19.5,,,,,,,235,88,203,76
Lincoln,01570000,107,9.6,55,4.9,230,20.2,,,,,,,328,28.9,64,5.7
Lincoln-Sudbury,06950000,50,3.3,11,0.7,320,20.5,,,,,,,394,25.2,102,6.7
Littleton,01580000,100,6,39,2.3,270,15.9,,,,,,,408,24,124,7.5
Longmeadow,01590000,181,6.4,25,0.9,518,18,,,,,,,695,24.2,217,7.6
Lowell,01600000,4519,31.3,3468,24,2600,17.9,,,,,,,10768,74,8325,57.7
Lowell Community Charter Public (District),04560000,602,73.3,434,52.9,133,16.2,,,,,,,651,79.3,418,50.9
Lowell Middlesex Academy Charter (District),04580000,9,10.6,8,9.4,24,28.2,,,,,,,65,76.5,57,67.1
Ludlow,01610000,237,9.3,94,3.7,410,16,,,,,,,986,38.5,701,27.6
Lunenburg,01620000,56,3.4,18,1.1,255,15.4,,,,,,,467,28.3,278,16.9
Lynn,01630000,9447,58.7,4792,29.8,2739,16.9,,,,,,,12343,76,9369,58.2
Lynnfield,01640000,185,8.4,54,2.5,382,17.2,,,,,,,548,24.7,156,7.1
Ma Academy for Math and Science,04680000,0,0,0,0,0,0,,,,,,,2,2,2,2
Malden,01650000,3642,56.2,1179,18.2,1143,17.4,,,,,,,4409,67.2,2982,46
Manchester Essex Regional,06980000,30,2.2,10,0.7,238,17.1,,,,,,,346,24.9,115,8.4
Mansfield,01670000,232,6.4,69,1.9,601,16.3,,,,,,,1030,27.9,519,14.2
Map Academy Charter School (District),35170000,2,1.2,1,0.6,81,50.3,,,,,,,121,75.2,82,50.9
Marblehead,01680000,214,7.2,118,4,583,19.4,,,,,,,860,28.6,290,9.8
Marblehead Community Charter Public (District),04640000,3,1.5,3,1.5,50,24.4,,,,,,,78,38,29,14.1
Marion,01690000,4,0.9,2,0.5,88,20.1,,,,,,,147,33.6,79,18.2
Marlborough,01700000,2474,52,1204,25.3,827,17.2,,,,,,,3097,64.3,1921,40.4
Marshfield,01710000,109,2.8,49,1.2,712,17.8,,,,,,,1082,27,492,12.4
Martha's Vineyard,07000000,139,20.7,73,10.9,153,22.5,,,,,,,349,51.2,200,29.9
Martha's Vineyard Charter (District),04660000,10,5.8,8,4.7,50,29.1,,,,,,,96,55.8,60,34.9
Martin Luther King Jr. Charter School of Excellence (District),04920000,111,30.8,93,25.8,57,15.8,,,,,,,296,82.2,264,73.3
Masconomet,07050000,15,0.9,4,0.2,323,18.3,,,,,,,404,22.9,103,6
Mashpee,01720000,134,8.6,62,4,246,15.5,,,,,,,690,43.6,503,32.2
MATCH Charter Public School (District),04690000,708,57.9,235,19.2,277,22.6,,,,,,,997,81.5,761,62.2
Mattapoisett,01730000,4,0.9,1,0.2,71,15.8,,,,,,,131,29.2,84,19
Maynard,01740000,134,10.6,61,4.8,242,18.7,,,,,,,443,34.3,226,17.9
Medfield,01750000,77,3,19,0.7,334,12.7,,,,,,,453,17.3,129,5
Medford,01760000,1154,27.5,454,10.8,836,19.7,,,,,,,2106,49.7,1313,31.2
Medway,01770000,50,2.3,31,1.4,380,17.2,,,,,,,553,25,220,10.1
Melrose,01780000,537,13.5,196,4.9,609,15.1,,,,,,,1084,26.9,433,10.9
Mendon-Upton,07100000,95,4.2,42,1.9,357,15.6,,,,,,,562,24.6,215,9.5
Methuen,01810000,1917,28,687,10,1328,19,,,,,,,3636,52,2444,35.7
Middleborough,01820000,57,1.9,26,0.9,589,19.5,,,,,,,1227,40.6,879,29.4
Middleton,01840000,26,3.6,12,1.7,121,16.8,,,,,,,173,24,57,8
Milford,01850000,1689,38.3,939,21.3,726,16.3,,,,,,,2522,56.6,1771,40.2
Millbury,01860000,143,8.4,77,4.5,332,19.2,,,,,,,732,42.3,438,25.8
Millis,01870000,41,3.5,15,1.3,163,13.7,,,,,,,281,23.6,129,10.9
Milton,01890000,421,9.5,110,2.5,642,14.3,,,,,,,1086,24.3,432,9.7
Minuteman Regional Vocational Technical,08300000,31,5.2,14,2.3,305,51,,,,,,,362,60.5,119,19.9
Mohawk Trail,07170000,10,1.2,7,0.8,194,22.8,,,,,,,400,47,289,34.2
Monomoy Regional School District,07120000,178,9.5,91,4.9,316,16.7,,,,,,,777,41.2,538,28.7
Monson,01910000,24,2.6,7,0.8,179,19,,,,,,,383,40.7,278,30.1
Montachusett Regional Vocational Technical,08320000,90,6.3,15,1,212,14.8,,,,,,,537,37.6,361,25.2
Mount Greylock,07150000,6,0.5,2,0.2,171,14.7,,,,,,,313,26.9,204,17.6
Mystic Valley Regional Charter (District),04700000,752,46.9,28,1.7,193,12,,,,,,,495,30.9,293,18.3
Nahant,01960000,0,0,0,0,34,22.1,,,,,,,52,33.8,31,20.1
Nantucket,01970000,622,37.1,268,16,263,15.6,,,,,,,810,48.1,400,23.8
Narragansett,07200000,11,0.7,3,0.2,246,16.6,,,,,,,587,39.6,450,30.7
Nashoba,07250000,167,5.3,78,2.5,561,17.5,,,,,,,825,25.7,296,9.3
Nashoba Valley Regional Vocational Technical,08520000,20,2.8,6,0.8,234,33,,,,,,,337,47.5,152,21.4
Natick,01980000,606,11,190,3.4,859,15.4,,,,,,,1419,25.4,515,9.3
Nauset,06600000,79,5.3,28,1.9,263,17.5,,,,,,,537,35.7,311,21
Needham,01990000,570,10,170,3,1003,17.3,,,,,,,1441,24.9,318,5.6
Neighborhood House Charter (District),04440000,189,26.9,79,11.2,108,15.4,,,,,,,413,58.7,307,43.7
New Bedford,02010000,5343,41.5,3666,28.5,2720,20.9,,,,,,,10543,81.1,8764,68
New Heights Charter School of Brockton (District),35130000,91,15.1,86,14.3,44,7.3,,,,,,,354,58.8,266,44.2
New Salem-Wendell,07280000,0,0,0,0,23,15.9,,,,,,,54,37.2,42,29
Newburyport,02040000,140,6.2,54,2.4,408,17.8,,,,,,,577,25.2,215,9.5
Newton,02070000,3276,25.6,773,6,2316,18,,,,,,,4126,32,1094,8.6
Norfolk,02080000,48,4.9,23,2.3,182,18.4,,,,,,,246,24.9,46,4.7
Norfolk County Agricultural,09150000,1,0.2,1,0.2,111,20.1,,,,,,,174,31.6,74,13.4
North Adams,02090000,14,1,11,0.8,342,25,,,,,,,942,68.9,841,61.9
North Andover,02110000,498,10.7,101,2.2,752,15.9,,,,,,,1427,30.2,749,16
North Attleborough,02120000,373,9,157,3.8,700,16.7,,,,,,,1370,32.7,744,17.9
North Brookfield,02150000,2,0.4,0,0,124,22.6,,,,,,,245,44.6,176,32.3
North Middlesex,07350000,70,2.3,43,1.4,731,23.2,,,,,,,1146,36.3,564,18.3
North Reading,02170000,34,1.4,11,0.5,441,18.2,,,,,,,590,24.3,193,8.1
Northampton,02100000,247,9.2,89,3.3,548,20.1,,,,,,,1024,37.6,693,25.7
Northampton-Smith Vocational Agricultural,04060000,16,3.2,5,1,202,40.7,,,,,,,290,58.5,161,32.5
Northboro-Southboro,07300000,176,12.7,19,1.4,201,14.4,,,,,,,317,22.6,93,6.7
Northborough,02130000,272,17.1,86,5.4,330,20.5,,,,,,,554,34.4,195,12.3
Northbridge,02140000,82,4.1,42,2.1,325,16.1,,,,,,,801,39.6,580,29
Northeast Metropolitan Regional Vocational Technical,08530000,234,18.4,52,4.1,299,23.5,,,,,,,684,53.6,431,33.8
Northern Berkshire Regional Vocational Technical,08510000,0,0,0,0,89,17.6,,,,,,,225,44.4,180,35.5
Norton,02180000,56,2.3,38,1.6,521,21.1,,,,,,,880,35.6,498,20.5
Norwell,02190000,32,1.4,4,0.2,358,16,,,,,,,426,19.1,96,4.3
Norwood,02200000,929,26.6,436,12.5,736,20.7,,,,,,,1716,48.4,944,27
Oak Bluffs,02210000,117,27.5,76,17.8,105,24.6,,,,,,,233,54.6,111,26.1
Old Colony Regional Vocational Technical,08550000,1,0.2,0,0,131,23.6,,,,,,,202,36.3,100,18
Old Rochester,07400000,17,1.4,2,0.2,150,12.7,,,,,,,270,22.9,166,14.1
Old Sturbridge Academy Charter Public School (District),35150000,15,6.3,12,5,46,19.2,,,,,,,115,47.9,72,30
Orange,02230000,9,1.7,7,1.3,143,26.4,,,,,,,359,66.4,308,57.7
Orleans,02240000,25,12.7,18,9.1,34,17.1,,,,,,,89,44.7,62,31.5
Oxford,02260000,13,0.8,11,0.7,263,16.5,,,,,,,693,43.4,523,33.3
Palmer,02270000,64,4.9,47,3.6,260,19.7,,,,,,,718,54.4,601,46.1
Pathfinder Regional Vocational Technical,08600000,0,0,0,0,172,27.5,,,,,,,340,54.3,231,36.9
Paulo Freire Social Justice Charter School (District),35010000,84,30.2,26,9.4,66,23.7,,,,,,,246,88.5,231,83.1
Peabody,02290000,1289,21.5,531,8.9,1206,19.8,,,,,,,2994,49.2,1945,32.4
Pelham,02300000,10,8,5,4,25,20,,,,,,,42,33.6,24,19.2
Pembroke,02310000,54,2,43,1.6,406,14.7,,,,,,,715,26,370,13.6
Pentucket,07450000,12,0.5,7,0.3,531,21.9,,,,,,,696,28.7,268,11.2
Petersham,02340000,3,2.3,3,2.3,22,16.7,,,,,,,58,43.9,38,29
Phoenix Academy Public Charter High School Lawrence (District),35180000,75,60.5,39,31.5,32,25.8,,,,,,,110,88.7,89,71.8
Phoenix Academy Public Charter High School Springfield (District),35080000,47,25,41,21.8,51,27.1,,,,,,,172,91.5,165,87.8
Phoenix Charter Academy (District),04930000,169,78.2,145,67.1,25,11.6,,,,,,,198,91.7,111,51.4
Pioneer Charter School of Science (District),04940000,524,66.1,174,21.9,78,9.8,,,,,,,499,62.9,284,35.8
Pioneer Charter School of Science II (PCSS-II) (District),35060000,180,50,74,20.6,51,14.2,,,,,,,230,63.9,100,27.8
Pioneer Valley,07500000,9,1.3,1,0.1,151,21.4,,,,,,,281,39.7,182,26
Pioneer Valley Chinese Immersion Charter (District),04970000,123,22.8,15,2.8,51,9.4,,,,,,,152,28.1,101,18.7
Pioneer Valley Performing Arts Charter Public (District),04790000,2,0.5,2,0.5,77,19.4,,,,,,,172,43.4,119,30.1
Pittsfield,02360000,472,9,264,5,1162,21.8,,,,,,,3363,63.2,2827,53.7
Plainville,02380000,45,6.3,32,4.5,139,19.4,,,,,,,250,34.9,131,18.5
Plymouth,02390000,329,4.5,175,2.4,1497,20.2,,,,,,,2791,37.7,1764,24.1
Plympton,02400000,1,0.5,1,0.5,34,15.2,,,,,,,55,24.7,25,11.4
Prospect Hill Academy Charter (District),04870000,510,46.1,156,14.1,170,15.4,,,,,,,677,61.2,454,41
Provincetown,02420000,35,26.7,31,23.7,25,19.1,,,,,,,82,62.6,46,35.1
Quabbin,07530000,27,1.3,7,0.3,433,19.8,,,,,,,825,37.8,548,25.5
Quaboag Regional,07780000,31,2.5,16,1.3,232,18.7,,,,,,,590,47.7,465,37.9
Quincy,02430000,4163,43.3,1528,15.9,1841,18.8,,,,,,,5785,59.2,3376,35.1
Ralph C Mahar,07550000,15,2.4,4,0.6,148,22.8,,,,,,,334,51.4,251,40
Randolph,02440000,1013,36.9,451,16.4,679,24.3,,,,,,,1964,70.1,1319,48.1
Reading,02460000,101,2.4,47,1.1,727,17.3,,,,,,,972,23.1,311,7.5
Revere,02480000,5110,67.8,1788,23.7,1277,16.6,,,,,,,5397,70.2,3690,49
Richmond,02490000,2,1.2,0,0,25,14.6,,,,,,,64,37.4,47,27.5
Rising Tide Charter Public (District),04830000,11,1.7,3,0.5,112,17,,,,,,,181,27.5,86,13.1
River Valley Charter (District),04820000,4,1.4,0,0,45,15.6,,,,,,,62,21.5,23,8
Rochester,02500000,2,0.4,1,0.2,93,18.1,,,,,,,150,29.2,82,16.1
Rockland,02510000,299,13.2,178,7.8,402,17.4,,,,,,,1103,47.9,819,36
Rockport,02520000,14,1.6,11,1.3,178,20.5,,,,,,,310,35.7,171,20.1
Rowe,02530000,0,0,0,0,22,30.1,,,,,,,41,56.2,25,34.2
Roxbury Preparatory Charter (District),04840000,621,39.6,230,14.7,259,16.5,,,,,,,1191,76,933,59.5
Sabis International Charter (District),04410000,169,10.7,125,7.9,214,13.6,,,,,,,816,51.8,626,39.8
Salem,02580000,1129,31.2,479,13.2,876,23.8,,,,,,,2363,64.2,1784,49.3
Salem Academy Charter (District),04850000,129,26.1,22,4.4,80,16.2,,,,,,,236,47.7,161,32.5
Sandwich,02610000,49,2,31,1.3,473,18.9,,,,,,,803,32.1,428,17.4
Saugus,02620000,557,21.4,195,7.5,480,18.2,,,,,,,1294,49,847,32.5
Savoy,02630000,1,1.7,0,0,12,20.7,,,,,,,35,60.3,29,50
Scituate,02640000,65,2.2,10,0.3,434,14.4,,,,,,,660,21.9,291,9.8
Seekonk,02650000,156,7.5,69,3.3,374,17.8,,,,,,,642,30.5,282,13.6
Seven Hills Charter Public (District),04860000,339,50.7,176,26.3,92,13.8,,,,,,,524,78.3,392,58.6
Sharon,02660000,950,26.3,138,3.8,533,14.6,,,,,,,980,26.8,301,8.3
Shawsheen Valley Regional Vocational Technical,08710000,12,0.9,1,0.1,341,27,,,,,,,463,36.6,179,14.2
Sherborn,02690000,25,6.1,13,3.1,66,15.9,,,,,,,91,22,18,4.4
Shrewsbury,02710000,2257,36,182,2.9,939,14.8,,,,,,,1851,29.3,714,11.4
Shutesbury,02720000,1,0.8,0,0,19,15.3,,,,,,,51,41.1,43,34.7
Silver Lake,07600000,17,1,9,0.5,291,16.7,,,,,,,492,28.3,284,16.3
Sizer School: A North Central Charter Essential (District),04740000,7,2,4,1.1,64,18,,,,,,,169,47.6,133,37.5
Somerset,02730000,48,2.8,19,1.1,327,18.5,,,,,,,635,36,405,23.3
Somerset Berkley Regional School District,07630000,14,1.4,3,0.3,164,15.7,,,,,,,265,25.4,143,13.9
Somerville,02740000,2441,49.4,1041,21.1,1007,20.1,,,,,,,3025,60.4,2066,41.8
South Hadley,02780000,149,7.8,89,4.7,338,17.7,,,,,,,748,39.2,511,26.9
South Middlesex Regional Vocational Technical,08290000,295,36.9,132,16.5,340,42.6,,,,,,,619,77.5,368,46.1
South Shore Charter Public (District),04880000,410,41,149,14.9,191,19.1,,,,,,,507,50.6,211,21.1
South Shore Regional Vocational Technical,08730000,8,1.3,3,0.5,185,29,,,,,,,301,47.2,157,24.6
Southampton,02750000,11,2.2,9,1.8,92,18.6,,,,,,,144,29.1,66,13.4
Southborough,02760000,199,15.5,86,6.7,199,15.4,,,,,,,356,27.6,78,6.1
Southbridge,02770000,649,34,346,18.1,397,20.5,,,,,,,1560,80.6,1365,71.6
Southeastern Regional Vocational Technical,08720000,327,22.4,32,2.2,203,13.9,,,,,,,702,48.1,483,33.1
Southern Berkshire,07650000,31,4.6,14,2.1,120,17.7,,,,,,,311,45.9,226,33.5
Southern Worcester County Regional Vocational Technical,08760000,28,2.4,5,0.4,165,14.4,,,,,,,369,32.2,255,22.3
Southwick-Tolland-Granville Regional School District,07660000,78,5.2,54,3.6,247,16.6,,,,,,,547,36.7,380,25.6
Spencer-E Brookfield,07670000,72,5.2,47,3.4,322,22.7,,,,,,,710,50.1,515,37.3
Springfield,02810000,7503,30,4412,17.6,6157,24.4,,,,,,,21106,83.7,19405,77.6
Springfield Preparatory Charter School (District),35100000,83,25.6,46,14.2,58,17.9,,,,,,,245,75.6,215,66.4
Stoneham,02840000,297,12.5,92,3.9,488,20.3,,,,,,,837,34.8,417,17.6
Stoughton,02850000,609,17.4,249,7.1,611,17.3,,,,,,,1679,47.4,1115,31.9
Sturbridge,02870000,10,1.1,9,1,119,13.4,,,,,,,229,25.7,132,14.9
Sturgis Charter Public (District),04890000,70,8.4,6,0.7,118,14.2,,,,,,,199,23.9,95,11.4
Sudbury,02880000,184,6.9,65,2.4,495,18.4,,,,,,,663,24.7,146,5.5
Sunderland,02890000,35,15.8,21,9.5,45,20.3,,,,,,,110,49.5,73,32.9
Sutton,02900000,41,3,27,2,249,18.2,,,,,,,378,27.6,171,12.6
Swampscott,02910000,304,13.7,124,5.6,403,17.9,,,,,,,764,34,355,16
Swansea,02920000,38,1.8,11,0.5,275,13,,,,,,,604,28.6,418,19.9
Tantasqua,07700000,24,1.3,10,0.6,188,10.4,,,,,,,506,28,375,20.9
Taunton,02930000,919,11.4,455,5.7,1603,19.7,,,,,,,4650,57.1,3685,45.9
TEC Connections Academy Commonwealth Virtual School District,39020000,101,4.6,24,1.1,407,18.6,,,,,,,1210,55.4,958,43.9
Tewksbury,02950000,163,4.9,42,1.3,635,18.6,,,,,,,1070,31.3,506,15.1
Tisbury,02960000,128,42.8,77,25.8,45,15.1,,,,,,,179,59.9,117,39.1
Topsfield,02980000,6,0.9,1,0.2,111,17,,,,,,,131,20.1,27,4.2
Tri-County Regional Vocational Technical,08780000,2,0.2,0,0,301,31.1,,,,,,,418,43.1,168,17.3
Triton,07730000,81,3.4,25,1.1,420,17.6,,,,,,,835,34.9,520,22.1
Truro,03000000,1,0.9,1,0.9,21,18.3,,,,,,,54,47,36,31.9
Tyngsborough,03010000,120,7.4,56,3.4,280,16.9,,,,,,,505,30.5,225,13.8
UP Academy Charter School of Boston (District),04800000,234,55.6,126,29.9,99,23.5,,,,,,,365,86.7,296,70.3
UP Academy Charter School of Dorchester (District),35050000,328,46.1,241,33.9,113,15.9,,,,,,,575,80.9,452,63.6
Up-Island Regional,07740000,35,8.5,26,6.3,81,19.7,,,,,,,161,39.1,87,21.1
Upper Cape Cod Regional Vocational Technical,08790000,0,0,0,0,164,23.2,,,,,,,307,43.5,191,27.1
Uxbridge,03040000,83,4.8,38,2.2,301,17.3,,,,,,,591,33.9,356,20.7
Veritas Preparatory Charter School (District),04980000,61,16.7,17,4.7,67,18.4,,,,,,,300,82.2,284,77.8
Wachusett,07750000,259,3.7,120,1.7,1086,15.3,,,,,,,1857,26.2,784,11.2
Wakefield,03050000,209,6,88,2.5,558,15.9,,,,,,,953,27.1,440,12.6
Wales,03060000,1,0.7,1,0.7,33,22.6,,,,,,,68,46.6,49,33.8
Walpole,03070000,379,10.3,133,3.6,543,14.6,,,,,,,966,26,391,10.6
Waltham,03080000,2824,49.2,1430,24.9,883,15.2,,,,,,,3206,55.3,2006,35
Ware,03090000,24,2.1,12,1.1,250,21.8,,,,,,,673,58.7,590,52
Wareham,03100000,52,2.4,24,1.1,579,26.6,,,,,,,1338,61.5,1123,52.6
Watertown,03140000,977,36.7,367,13.8,519,19.1,,,,,,,1261,46.4,705,26.5
Wayland,03150000,320,11.8,83,3.1,503,18.3,,,,,,,716,26.1,132,4.9
Webster,03160000,275,14.9,203,11,415,22.1,,,,,,,1243,66.2,1051,57.1
Wellesley,03170000,366,7.5,98,2,818,16.6,,,,,,,1166,23.7,255,5.2
Wellfleet,03180000,3,2.8,1,0.9,21,19.4,,,,,,,40,37,31,29.2
West Boylston,03220000,58,6.4,31,3.4,166,18,,,,,,,328,35.7,197,21.7
West Bridgewater,03230000,25,1.8,17,1.2,149,10.8,,,,,,,361,26,232,16.9
West Springfield,03320000,1245,30.4,441,10.8,781,18.9,,,,,,,2379,57.5,1903,46.5
Westborough,03210000,1201,30.5,435,11,630,15.9,,,,,,,1406,35.4,413,10.5
Westfield,03250000,616,11.7,283,5.4,1069,20.1,,,,,,,2679,50.4,2020,38.4
Westford,03260000,654,13.3,89,1.8,754,15.1,,,,,,,1112,22.3,273,5.5
Westhampton,03270000,1,0.8,1,0.8,27,22.5,,,,,,,40,33.3,19,15.8
Weston,03300000,183,9,65,3.2,365,17.6,,,,,,,540,26.1,110,5.4
Westport,03310000,34,2.4,12,0.8,260,18.3,,,,,,,538,37.8,366,25.8
Westwood,03350000,170,5.7,26,0.9,549,18.2,,,,,,,693,23,149,5
Weymouth,03360000,753,13.1,248,4.3,1208,20.6,,,,,,,2682,45.8,1797,31.2
Whately,03370000,5,3.9,5,3.9,15,11.8,,,,,,,41,32.3,25,19.7
Whitman-Hanson,07800000,99,2.6,37,1,596,15.7,,,,,,,1202,31.6,744,19.8
Whittier Regional Vocational Technical,08850000,75,6,20,1.6,270,21.5,,,,,,,598,47.7,384,30.6
Williamsburg,03400000,3,2.2,2,1.5,25,18.1,,,,,,,45,32.6,31,22.6
Wilmington,03420000,101,3.2,28,0.9,587,18.2,,,,,,,837,25.9,303,9.6
Winchendon,03430000,28,2.3,11,0.9,270,21.8,,,,,,,671,54.1,536,43.8
Winchester,03440000,849,18.1,122,2.6,784,16.6,,,,,,,1183,25,235,5
Winthrop,03460000,441,22.4,171,8.7,296,15,,,,,,,840,42.5,524,26.7
Woburn,03470000,906,20.4,399,9,791,17.5,,,,,,,2051,45.4,1260,28.3
Worcester,03480000,14654,58.5,7949,31.7,5332,20.9,,,,,,,20449,80.1,14944,59.7
Worthington,03490000,0,0,0,0,17,19.3,,,,,,,37,42,27,30.7
Wrentham,03500000,31,3.3,20,2.1,173,18.1,,,,,,,248,25.9,95,10
State Totals,00000000,217782,23,102861,10.8,176741,18.4,,,,,,,466930,48.7,310873,32.8