District Name,District Code,PK,K,1,2,3,4,5,6,7,8,9,10,11,12,SP,Total
Abby Kelley Foster Charter Public (District),04450000,       0,     114,     120,     119,     120,     116,     116,     120,     115,     106,     102,     104,      89,      84,       0,"   1,425"
Abington,00010000,      88,     169,     157,     145,     165,     136,     167,     172,     164,     187,     160,     156,     154,     117,       6,"   2,143"
Academy Of the Pacific Rim Charter Public (District),04120000,       0,       0,       0,       0,       0,       0,      66,      75,      74,      75,      70,      71,      56,      40,       0,     527
Acton-Boxborough,06000000,     102,     306,     346,     381,     377,     392,     412,     421,     412,     448,     470,     463,     427,     449,       5,"   5,411"
Acushnet,00030000,      46,      89,     127,     109,      85,     111,     110,     101,     112,     120,       0,       0,       0,       0,       0,"   1,010"
Advanced Math and Science Academy Charter (District),04300000,       0,       0,       0,       0,       0,       0,       0,     104,     125,     146,     157,     154,     142,     135,       0,     963
Agawam,00050000,     160,     263,     250,     234,     288,     255,     274,     312,     270,     290,     297,     234,     278,     265,       0,"   3,670"
Alma del Mar Charter School (District),04090000,       0,     103,     102,     105,      53,      51,      51,      96,      49,      43,       0,       0,       0,       0,       0,     653
Amesbury,00070000,      59,     134,     115,     147,     144,     163,     181,     162,     156,     169,     126,     137,     152,     161,       6,"   2,012"
Amherst,00080000,      53,     128,     148,     139,     150,     161,     146,     168,       0,       0,       0,       0,       0,       0,       0,"   1,093"
Amherst-Pelham,06050000,       0,       0,       0,       0,       0,       0,       0,       0,     214,     212,     205,     239,     236,     231,       9,"   1,346"
Andover,00090000,      81,     340,     443,     399,     422,     458,     462,     467,     488,     501,     455,     427,     455,     424,      34,"   5,856"
Argosy Collegiate Charter School (District),35090000,       0,       0,       0,       0,       0,       0,       0,     118,     120,      98,      93,      66,      30,       0,       0,     525
Arlington,00100000,      89,     524,     594,     517,     533,     487,     507,     486,     455,     444,     368,     364,     342,     337,       0,"   6,047"
Ashburnham-Westminster,06100000,      59,     156,     195,     156,     171,     174,     194,     195,     190,     197,     171,     140,     172,     168,      16,"   2,354"
Ashland,00140000,      93,     188,     222,     204,     229,     203,     227,     229,     219,     210,     180,     218,     212,     215,       0,"   2,849"
Assabet Valley Regional Vocational Technical,08010000,       0,       0,       0,       0,       0,       0,       0,       0,       0,       0,     300,     298,     277,     266,       0,"   1,141"
Athol-Royalston,06150000,      68,     124,     132,     143,     126,     125,     116,     126,     113,     119,      75,      79,      87,      80,       7,"   1,520"
Atlantis Charter (District),04910000,       0,     110,     110,     110,     110,     110,     110,     110,     110,     110,      84,      74,      94,      60,       0,"   1,302"
Attleboro,00160000,     184,     433,     408,     407,     424,     464,     437,     460,     469,     473,     455,     468,     459,     425,      16,"   5,982"
Auburn,00170000,     107,     184,     191,     171,     210,     203,     208,     216,     202,     209,     196,     179,     175,     183,       2,"   2,636"
Avon,00180000,      22,      48,      53,      57,      59,      64,      55,      58,      62,      62,      50,      47,      40,      47,       1,     725
Ayer Shirley School District,06160000,      62,     150,     135,     132,     140,     138,     144,     140,     141,     126,     102,      82,      88,     102,       0,"   1,682"
Barnstable,00200000,     161,     343,     387,     405,     378,     394,     410,     375,     381,     406,     332,     338,     367,     351,      13,"   5,041"
Baystate Academy Charter Public School (District),35020000,       0,       0,       0,       0,       0,       0,       0,      79,      75,      77,      65,      53,      60,      54,       0,     463
Bedford,00230000,      45,     183,     198,     217,     197,     202,     213,     202,     210,     181,     228,     236,     183,     194,       0,"   2,689"
Belchertown,00240000,      43,     146,     151,     168,     158,     163,     166,     172,     184,     188,     192,     160,     173,     169,       7,"   2,240"
Bellingham,00250000,      98,     140,     148,     153,     166,     141,     164,     185,     165,     184,     134,     147,     158,     155,       0,"   2,138"
Belmont,00260000,      66,     349,     353,     368,     390,     367,     387,     385,     359,     358,     318,     341,     328,     331,       0,"   4,700"
Benjamin Banneker Charter Public (District),04200000,      23,      46,      45,      51,      48,      45,      40,      38,       0,       0,       0,       0,       0,       0,       0,     336
Benjamin Franklin Classical Charter Public (District),04470000,       0,      92,      92,      92,      92,      92,      92,      52,      52,      52,       0,       0,       0,       0,       0,     708
Bentley Academy Charter School (District),35110000,       0,      52,      57,      58,      55,      55,      55,       0,       0,       0,       0,       0,       0,       0,       0,     332
Berkley,00270000,      61,      96,      85,      80,     102,      98,      88,     114,      97,      94,       0,       0,       0,       0,       0,     915
Berkshire Arts and Technology Charter Public (District),04140000,       0,       0,       0,       0,       0,       0,       0,      72,      64,      68,      52,      53,      36,      27,       0,     372
Berkshire Hills,06180000,      22,      72,      67,      58,      55,      75,      68,      79,      97,      84,     119,     142,     128,     112,       7,"   1,185"
Berlin-Boylston,06200000,      48,      82,      62,      75,      68,      80,      66,      89,      81,      97,      68,      72,      82,      76,       0,"   1,046"
Beverly,00300000,     108,     398,     371,     360,     356,     353,     367,     392,     363,     320,     347,     360,     309,     287,       9,"   4,700"
Billerica,00310000,     185,     373,     376,     362,     351,     418,     362,     392,     394,     402,     293,     303,     246,     333,       7,"   4,797"
Blackstone Valley Regional Vocational Technical,08050000,       0,       0,       0,       0,       0,       0,       0,       0,       0,       0,     313,     307,     302,     302,       0,"   1,224"
Blackstone-Millville,06220000,      60,     111,     117,     122,     115,     163,     121,     136,     148,     125,     103,     116,     100,     106,       2,"   1,645"
Blue Hills Regional Vocational Technical,08060000,       0,       0,       0,       0,       0,       0,       0,       0,       0,       0,     238,     229,     198,     191,       0,     856
Boston,00350000,"   3,069","   3,675","   3,854","   3,786","   3,754","   3,736","   3,649","   3,239","   3,496","   3,290","   4,002","   3,584","   3,695","   3,403",     248,"  50,480"
Boston Collegiate Charter (District),04490000,       0,       0,       0,       0,       0,       0,      98,     102,      97,      95,      90,      77,      74,      60,       0,     693
Boston Day and Evening Academy Charter (District),04240000,       0,       0,       0,       0,       0,       0,       0,       0,       0,       0,      96,      45,      43,     230,       0,     414
Boston Green Academy Horace Mann Charter School (District),04110000,       0,       0,       0,       0,       0,       0,       0,      63,      62,      53,      81,      82,      83,      71,       5,     500
Boston Preparatory Charter Public (District),04160000,       0,       0,       0,       0,       0,       0,       0,      99,      97,      96,      87,      80,      71,      51,       0,     581
Boston Renaissance Charter Public (District),04810000,     116,     136,     132,     138,     123,     127,      81,      77,       0,       0,       0,       0,       0,       0,       0,     930
Bourne,00360000,      62,     132,     124,     143,     138,     171,     165,     174,     166,     171,     103,     115,     112,     124,       7,"   1,907"
Boxford,00380000,      47,     109,      80,      87,     102,     119,      96,     107,       0,       0,       0,       0,       0,       0,       0,     747
Braintree,00400000,     113,     384,     441,     385,     424,     437,     450,     497,     510,     439,     422,     439,     428,     426,       0,"   5,795"
Brewster,00410000,      34,      62,      71,      57,      85,      77,      84,       0,       0,       0,       0,       0,       0,       0,       0,     470
Bridge Boston Charter School (District),04170000,      31,      36,      35,      40,      39,      40,      34,      34,      23,      22,       0,       0,       0,       0,       0,     334
Bridgewater-Raynham,06250000,     151,     419,     420,     423,     433,     392,     404,     431,     487,     402,     324,     363,     369,     364,      10,"   5,392"
Brimfield,00430000,      33,      44,      28,      40,      37,      32,      43,      42,       0,       0,       0,       0,       0,       0,       0,     299
Bristol County Agricultural,09100000,       0,       0,       0,       0,       0,       0,       0,       0,       0,       0,     123,     113,     108,     107,       0,     451
Bristol-Plymouth Regional Vocational Technical,08100000,       0,       0,       0,       0,       0,       0,       0,       0,       0,       0,     357,     352,     315,     281,       0,"   1,305"
Brockton,00440000,     324,"   1,053","   1,124","   1,195","   1,299","   1,316","   1,350","   1,259","   1,343","   1,281","   1,425",     976,"   1,006","   1,022",      51,"  16,024"
Brooke Charter School (District),04280000,       0,     186,     189,     187,     182,     181,     181,     176,     182,     179,     131,      89,      50,      56,       0,"   1,969"
Brookfield,00450000,      23,      44,      39,      41,      38,      42,      43,      37,       0,       0,       0,       0,       0,       0,       0,     307
Brookline,00460000,     252,     600,     613,     613,     574,     627,     654,     582,     618,     561,     521,     557,     512,     474,      19,"   7,777"
Burlington,00480000,     103,     265,     296,     298,     297,     284,     259,     244,     272,     254,     221,     224,     244,     248,       0,"   3,509"
Cambridge,00490000,     571,     630,     581,     585,     513,     514,     487,     418,     436,     379,     494,     512,     471,     494,       6,"   7,091"
Canton,00500000,      87,     250,     242,     229,     253,     251,     243,     291,     251,     226,     213,     255,     260,     243,       3,"   3,297"
Cape Cod Lighthouse Charter (District),04320000,       0,       0,       0,       0,       0,       0,       0,      81,      81,      77,       0,       0,       0,       0,       0,     239
Cape Cod Regional Vocational Technical,08150000,       0,       0,       0,       0,       0,       0,       0,       0,       0,       0,     162,     158,     148,     148,       0,     616
Carlisle,00510000,      14,      52,      61,      65,      68,      62,      63,      77,      64,      71,       0,       0,       0,       0,       0,     597
Carver,00520000,      64,     127,     131,     113,     139,     128,     112,     122,     123,     131,     101,      76,     104,     101,       5,"   1,577"
Central Berkshire,06350000,      42,     115,      98,     113,     113,      95,     111,     110,     128,     139,     122,     126,     134,     118,       1,"   1,565"
Chelmsford,00560000,     166,     365,     393,     405,     385,     367,     387,     381,     360,     400,     329,     348,     371,     364,       0,"   5,021"
Chelsea,00570000,     290,     495,     540,     531,     523,     516,     476,     517,     444,     426,     476,     393,     326,     299,       3,"   6,255"
Chesterfield-Goshen,06320000,      14,      21,      13,      18,      18,      16,      16,      12,       0,       0,       0,       0,       0,       0,       0,     128
Chicopee,00610000,     249,     473,     494,     519,     555,     543,     555,     584,     555,     521,     555,     569,     575,     520,       1,"   7,268"
Christa McAuliffe Charter Public (District),04180000,       0,       0,       0,       0,       0,       0,       0,     145,     136,     120,       0,       0,       0,       0,       0,     401
City on a Hill Charter Public School Circuit Street (District),04370000,       0,       0,       0,       0,       0,       0,       0,       0,       0,       0,      66,      60,      54,      48,       0,     228
City on a Hill Charter Public School Dudley Square (District),35040000,       0,       0,       0,       0,       0,       0,       0,       0,       0,       0,      41,      58,      39,      55,       0,     193
City on a Hill Charter Public School New Bedford (District),35070000,       0,       0,       0,       0,       0,       0,       0,       0,       0,       0,      48,      30,      41,      30,       0,     149
Clarksburg,00630000,       0,      15,      22,      32,      14,      22,      20,      34,      22,      16,       0,       0,       0,       0,       0,     197
Clinton,00640000,     114,     138,     171,     139,     143,     148,     151,     165,     140,     147,     128,     100,     120,      95,       1,"   1,900"
Codman Academy Charter Public (District),04380000,      21,      22,      20,      21,      21,      21,      19,      20,      19,      19,      40,      36,      26,      34,       0,     339
Cohasset,00650000,      24,     103,     105,     103,     118,     109,     122,     134,     116,      97,     117,     106,     128,     118,       0,"   1,500"
Collegiate Charter School of Lowell (District),35030000,       0,      78,     107,     114,     111,     114,      93,     120,      91,      61,      43,       0,       0,       0,       0,     932
Community Charter School of Cambridge (District),04360000,       0,       0,       0,       0,       0,       0,       0,      28,      66,      59,      43,      52,      31,      47,       0,     326
Community Day Charter Public School - Gateway (District),04260000,      40,      40,      43,      44,      42,      42,      43,      35,      38,      33,       0,       0,       0,       0,       0,     400
Community Day Charter Public School - Prospect (District),04400000,      21,      25,      47,      51,      50,      47,      43,      43,      41,      32,       0,       0,       0,       0,       0,     400
Community Day Charter Public School - R. Kingman Webster (District),04310000,      41,      41,      44,      45,      44,      42,      41,      35,      36,      30,       0,       0,       0,       0,       0,     399
Concord,00670000,      26,     207,     216,     237,     213,     238,     215,     241,     236,     236,       0,       0,       0,       0,       0,"   2,065"
Concord-Carlisle,06400000,       0,       0,       0,       0,       0,       0,       0,       0,       0,       0,     344,     325,     317,     294,       0,"   1,280"
Conservatory Lab Charter (District),04390000,      51,      49,      54,      54,      54,      57,      37,      40,      33,      24,       0,       0,       0,       0,       0,     453
Conway,00680000,      16,      14,      15,      16,      16,      22,      18,      16,       0,       0,       0,       0,       0,       0,       0,     133
Danvers,00710000,     108,     258,     271,     262,     265,     262,     286,     272,     265,     279,     211,     204,     235,     235,       4,"   3,417"
Dartmouth,00720000,      92,     270,     254,     254,     253,     243,     278,     272,     307,     318,     235,     285,     269,     250,       0,"   3,580"
Dedham,00730000,     129,     229,     196,     186,     207,     182,     211,     221,     258,     195,     169,     170,     178,     199,       6,"   2,736"
Deerfield,00740000,      40,      50,      46,      54,      45,      39,      52,      60,       0,       0,       0,       0,       0,       0,       0,     386
Dennis-Yarmouth,06450000,      96,     228,     254,     207,     227,     255,     240,     230,     238,     217,     187,     163,     176,     194,       0,"   2,912"
Dighton-Rehoboth,06500000,      91,     192,     229,     205,     205,     214,     201,     247,     236,     267,     176,     187,     208,     183,       9,"   2,850"
Douglas,00770000,      59,      98,      91,      79,      96,      96,      93,      83,     105,     116,      76,      91,      93,     106,       0,"   1,282"
Dover,00780000,       9,      78,      80,      72,      85,      82,      84,       0,       0,       0,       0,       0,       0,       0,       0,     490
Dover-Sherborn,06550000,       0,       0,       0,       0,       0,       0,       0,     184,     163,     177,     171,     168,     174,     166,       1,"   1,204"
Dracut,00790000,      53,     305,     316,     317,     274,     308,     299,     305,     335,     288,     225,     222,     230,     199,       1,"   3,677"
Dudley Street Neighborhood Charter School (District),04070000,      42,      41,      44,      41,      40,      35,      28,       0,       0,       0,       0,       0,       0,       0,       0,     271
Dudley-Charlton Reg,06580000,     122,     246,     262,     266,     262,     266,     299,     320,     295,     316,     243,     261,     282,     258,       4,"   3,702"
Duxbury,00820000,      66,     182,     190,     199,     206,     213,     196,     233,     258,     248,     244,     229,     253,     254,       1,"   2,972"
East Bridgewater,00830000,     114,     149,     144,     161,     151,     164,     147,     177,     169,     179,     166,     168,     157,     170,       0,"   2,216"
East Longmeadow,00870000,      48,     181,     165,     193,     181,     188,     190,     209,     190,     209,     221,     210,     177,     225,       1,"   2,588"
Eastham,00850000,      29,      32,      25,      27,      29,      26,      26,       0,       0,       0,       0,       0,       0,       0,       0,     194
Easthampton,00860000,      55,     120,     119,     115,     117,     130,     124,     100,     111,      97,     106,     117,     114,     117,       2,"   1,544"
Easton,00880000,      73,     224,     240,     243,     249,     267,     292,     277,     307,     293,     277,     283,     280,     264,      10,"   3,579"
Edgartown,00890000,       6,      45,      42,      37,      48,      39,      59,      41,      38,      36,       0,       0,       0,       0,       0,     391
Edward M. Kennedy Academy for Health Careers (Horace Mann Charter) (District),04520000,       0,       0,       0,       0,       0,       0,       0,       0,       0,       0,     106,     104,      94,      84,       0,     388
Erving,00910000,      27,      18,      15,      10,      14,      22,       9,      18,       0,       0,       0,       0,       0,       0,       0,     133
Essex North Shore Agricultural and Technical School District,08170000,       0,       0,       0,       0,       0,       0,       0,       0,       0,       0,     419,     388,     352,     333,       0,"   1,492"
Everett,00930000,     345,     508,     488,     522,     537,     520,     501,     530,     548,     539,     500,     540,     447,     531,       1,"   7,057"
Excel Academy Charter (District),04100000,       0,       0,       0,       0,       0,       0,     176,     177,     174,     177,     178,     174,     168,     146,       0,"   1,370"
Fairhaven,00940000,      45,     116,     128,     132,     143,     153,     167,     155,     144,     160,     185,     167,     187,     158,       2,"   2,042"
Fall River,00950000,     267,     854,     829,     896,     890,     913,     907,     800,     816,     720,     614,     613,     587,     523,       0,"  10,229"
Falmouth,00960000,     115,     226,     241,     262,     234,     260,     269,     280,     266,     256,     252,     211,     187,     189,       3,"   3,251"
Farmington River Reg,06620000,      24,      13,      12,      11,      13,       9,      10,      13,       0,       0,       0,       0,       0,       0,       0,     105
Fitchburg,00970000,     170,     419,     460,     388,     445,     422,     430,     435,     382,     399,     363,     300,     367,     343,      15,"   5,338"
Florida,00980000,      22,       7,       9,       1,       9,       8,       4,      14,      14,       7,       0,       0,       0,       0,       0,      95
Four Rivers Charter Public (District),04130000,       0,       0,       0,       0,       0,       0,       0,       0,      38,      38,      37,      38,      30,      36,       0,     217
Foxborough,00990000,      85,     184,     157,     169,     184,     160,     180,     217,     216,     209,     181,     200,     188,     212,      12,"   2,554"
Foxborough Regional Charter (District),04460000,       0,     145,     144,     153,     150,     152,     149,     145,     148,     149,     103,      90,      67,      63,       0,"   1,658"
Framingham,01000000,     309,     696,     812,     707,     747,     744,     772,     670,     638,     682,     684,     567,     568,     492,       0,"   9,088"
Francis W. Parker Charter Essential (District),04780000,       0,       0,       0,       0,       0,       0,       0,       0,      75,      69,      74,      65,      60,      54,       0,     397
Franklin,01010000,     111,     285,     325,     337,     349,     329,     349,     385,     415,     433,     435,     432,     447,     429,       7,"   5,068"
Franklin County Regional Vocational Technical,08180000,       0,       0,       0,       0,       0,       0,       0,       0,       0,       0,     153,     137,     106,     109,       0,     505
Freetown-Lakeville,06650000,      57,     219,     216,     224,     204,     232,     203,     233,     249,     262,     192,     154,     212,     175,       0,"   2,832"
Frontier,06700000,       0,       0,       0,       0,       0,       0,       0,       0,     122,     123,      96,     102,     109,      96,       7,     655
Gardner,01030000,      75,     176,     160,     180,     165,     189,     200,     186,     200,     191,     172,     115,     160,     172,       5,"   2,346"
Gateway,06720000,      56,      49,      56,      73,      51,      65,      78,      66,      62,      66,      53,      37,      61,      48,       6,     827
Georgetown,01050000,      85,     105,     111,     106,      91,     105,      87,     116,      88,      96,      85,      96,      91,     106,       0,"   1,368"
Gill-Montague,06740000,      38,      71,      79,      79,      66,      75,      74,      87,      79,      85,      43,      42,      60,      49,       4,     931
Global Learning Charter Public (District),04960000,       0,       0,       0,       0,       0,       0,      94,      93,      89,      91,      48,      39,      24,      29,       0,     507
Gloucester,01070000,     116,     226,     212,     207,     215,     235,     215,     218,     202,     237,     230,     208,     150,     175,       5,"   2,851"
Gosnold,01090000,       0,       0,       0,       0,       0,       0,       0,       0,       0,       0,       0,       0,       0,       0,       0,       0
Grafton,01100000,     117,     237,     203,     239,     236,     238,     288,     245,     270,     260,     239,     248,     183,     198,       4,"   3,205"
Granby,01110000,      37,      57,      66,      55,      51,      55,      42,      49,      52,      57,      58,      65,      55,      54,       0,     753
Greater Fall River Regional Vocational Technical,08210000,       0,       0,       0,       0,       0,       0,       0,       0,       0,       0,     372,     369,     357,     335,       0,"   1,433"
Greater Lawrence Regional Vocational Technical,08230000,       0,       0,       0,       0,       0,       0,       0,       0,       0,       0,     432,     406,     388,     365,       0,"   1,591"
Greater Lowell Regional Vocational Technical,08280000,       0,       0,       0,       0,       0,       0,       0,       0,       0,       0,     607,     584,     557,     510,      13,"   2,271"
Greater New Bedford Regional Vocational Technical,08250000,       0,       0,       0,       0,       0,       0,       0,       0,       0,       0,     549,     542,     515,     518,       0,"   2,124"
Greenfield,01140000,     121,     161,     140,     148,     144,     139,     126,     137,     118,     118,     104,     117,      79,      66,       0,"   1,718"
Greenfield Commonwealth Virtual District,39010000,       0,      15,      19,      28,      22,      26,      34,      59,      60,      76,     110,      72,      78,      64,       0,     663
Groton-Dunstable,06730000,      58,     150,     170,     169,     165,     161,     197,     171,     184,     203,     168,     178,     192,     183,       4,"   2,353"
Hadley,01170000,      35,      29,      36,      26,      34,      39,      33,      48,      49,      51,      38,      39,      40,      31,       1,     529
Halifax,01180000,       0,      64,      83,      92,     100,      82,      82,      83,       0,       0,       0,       0,       0,       0,       0,     586
Hamilton-Wenham,06750000,      39,     145,     136,     150,     129,     127,     141,     142,     139,     137,     134,     135,     143,     139,       0,"   1,836"
Hampden Charter School of Science East (District),04990000,       0,       0,       0,       0,       0,       0,       0,      91,      92,      85,      84,      66,      57,      49,       0,     524
Hampden Charter School of Science West (District),35160000,       0,       0,       0,       0,       0,       0,       0,      67,      67,      57,      43,      28,       0,       0,       0,     262
Hampden-Wilbraham,06800000,      88,     195,     188,     199,     212,     202,     202,     228,     213,     225,     258,     283,     247,     261,       4,"   3,005"
Hampshire,06830000,       0,       0,       0,       0,       0,       0,       0,       0,     121,     142,     104,     137,     105,     119,       6,     734
Hancock,01210000,       8,      11,       5,       4,       5,       4,       6,       4,       0,       0,       0,       0,       0,       0,       0,      47
Hanover,01220000,      80,     198,     200,     169,     207,     195,     207,     185,     215,     224,     172,     191,     213,     190,       3,"   2,649"
Harvard,01250000,      17,      58,      58,      74,      70,      80,      72,      95,      80,      84,      74,      99,      99,      88,       0,"   1,048"
Hatfield,01270000,      17,      28,      35,      21,      39,      28,      37,      38,      39,      30,      25,      40,      23,      31,       0,     431
Haverhill,01280000,     207,     581,     632,     658,     657,     643,     725,     681,     699,     688,     526,     444,     490,     398,      34,"   8,063"
Hawlemont,06850000,      23,      16,      15,      17,      28,      18,      18,       8,       0,       0,       0,       0,       0,       0,       0,     143
Helen Y. Davis Leadership Academy Charter Public (District),04190000,       0,       0,       0,       0,       0,       0,       0,      73,      80,      54,       0,       0,       0,       0,       0,     207
Hill View Montessori Charter Public (District),04550000,       0,      36,      33,      35,      36,      31,      34,      34,      33,      35,       0,       0,       0,       0,       0,     307
Hilltown Cooperative Charter Public (District),04500000,       0,      20,      20,      21,      22,      22,      22,      32,      32,      27,       0,       0,       0,       0,       0,     218
Hingham,01310000,      70,     304,     310,     317,     316,     338,     306,     356,     307,     336,     343,     330,     318,     306,       5,"   4,262"
Holbrook,01330000,      42,     106,     117,     104,     110,     110,      90,     106,      94,     121,      89,      80,      62,      74,       4,"   1,309"
Holland,01350000,      38,      18,      31,      35,      31,      25,      32,      22,       0,       0,       0,       0,       0,       0,       0,     232
Holliston,01360000,     105,     194,     177,     210,     234,     228,     227,     229,     235,     228,     203,     218,     195,     222,       5,"   2,910"
Holyoke,01370000,     359,     419,     414,     381,     425,     382,     402,     385,     356,     310,     370,     388,     373,     386,       0,"   5,350"
Holyoke Community Charter (District),04530000,       0,      81,      81,      77,      86,      82,      81,      74,      75,      64,       0,       0,       0,       0,       0,     701
Hoosac Valley Regional,06030000,      62,      88,      80,      78,      79,      71,     106,     104,      94,      92,      59,      73,      43,      71,       3,"   1,103"
Hopedale,01380000,      94,      66,      63,      77,      79,      76,      73,      86,      85,      90,      65,      83,      72,      71,       0,"   1,080"
Hopkinton,01390000,      80,     268,     295,     254,     303,     287,     288,     287,     316,     255,     318,     289,     323,     294,       5,"   3,862"
Hudson,01410000,      28,     196,     194,     217,     201,     208,     207,     214,     203,     217,     190,     165,     143,     183,       0,"   2,566"
Hull,01420000,      55,      52,      59,      60,      56,      57,      64,      61,      57,      59,      61,      61,      76,      76,       0,     854
Innovation Academy Charter (District),04350000,       0,       0,       0,       0,       0,       0,     100,     100,     101,     100,     110,     101,      99,      87,       0,     798
Ipswich,01440000,      33,     105,     108,     126,     116,     125,     120,     125,     127,     147,     128,     141,     140,     137,       1,"   1,679"
King Philip,06900000,       0,       0,       0,       0,       0,       0,       0,       0,     352,     383,     270,     329,     314,     325,       6,"   1,979"
Kingston,01450000,       0,     154,     148,     154,     137,     174,     147,     151,       0,       0,       0,       0,       0,       0,       0,"   1,065"
KIPP Academy Boston Charter School (District),04630000,       0,      62,      64,      63,      72,      75,      69,      62,      56,      58,       0,       0,       0,       0,       0,     581
KIPP Academy Lynn Charter (District),04290000,       0,     125,     124,     124,     124,     124,     128,     124,     124,     124,     130,     119,     118,     114,       0,"   1,602"
Lawrence,01490000,     473,     908,"   1,045","   1,029","   1,068","   1,124","   1,064","   1,135","   1,103","   1,076",     931,     915,     786,     848,      45,"  13,550"
Lawrence Family Development Charter (District),04540000,      82,      81,      84,      84,      82,      82,      79,      76,      82,      48,       0,       0,       0,       0,       0,     780
Lee,01500000,      18,      53,      48,      58,      48,      48,      49,      38,      53,      58,      66,      59,      65,      50,       2,     713
Leicester,01510000,      60,      97,      95,     119,      88,      92,     101,     119,     111,     135,     102,     139,     104,     126,       0,"   1,488"
Lenox,01520000,      26,      44,      52,      46,      53,      52,      44,      64,      62,      72,      69,      68,      63,      61,       0,     776
Leominster,01530000,     150,     420,     441,     422,     423,     455,     479,     485,     454,     472,     481,     480,     476,     440,       0,"   6,078"
Leverett,01540000,      19,      15,      17,      20,      18,      15,      23,      15,       0,       0,       0,       0,       0,       0,       0,     142
Lexington,01550000,      68,     382,     453,     507,     538,     563,     576,     615,     625,     588,     607,     591,     526,     551,       0,"   7,190"
Libertas Academy Charter School (District),35140000,       0,       0,       0,       0,       0,       0,       0,      90,      90,      87,       0,       0,       0,       0,       0,     267
Lincoln,01570000,      92,     109,     140,     119,     124,     105,     121,     115,      92,      97,       0,       0,       0,       0,       0,"   1,114"
Lincoln-Sudbury,06950000,       0,       0,       0,       0,       0,       0,       0,       0,       0,       0,     353,     411,     389,     352,       7,"   1,512"
Littleton,01580000,      65,     116,     127,     137,     118,     132,     138,     143,     122,     125,     111,      99,     109,     120,       1,"   1,663"
Longmeadow,01590000,      57,     177,     209,     189,     195,     199,     196,     239,     220,     224,     218,     247,     221,     256,       0,"   2,847"
Lowell,01600000,     603,"   1,098","   1,226","   1,146","   1,173","   1,171","   1,220","   1,220","   1,221","   1,221",     757,     779,     776,     789,      34,"  14,434"
Lowell Community Charter Public (District),04560000,      40,     100,      97,      96,      90,      88,      89,      77,      73,      71,       0,       0,       0,       0,       0,     821
Lowell Middlesex Academy Charter (District),04580000,       0,       0,       0,       0,       0,       0,       0,       0,       0,       0,      10,      27,      22,      26,       0,      85
Ludlow,01610000,      88,     161,     147,     163,     163,     165,     171,     208,     205,     199,     241,     222,     208,     195,       2,"   2,538"
Lunenburg,01620000,      38,     121,     147,     111,     120,     122,     118,     141,     124,     141,     107,     126,     118,     101,       6,"   1,641"
Lynn,01630000,     310,"   1,083","   1,230","   1,270","   1,240","   1,196","   1,196","   1,254","   1,222","   1,173","   1,313","   1,400","   1,130","   1,037",      34,"  16,088"
Lynnfield,01640000,      40,     170,     165,     183,     157,     195,     186,     165,     161,     175,     135,     142,     173,     155,       0,"   2,202"
Ma Academy for Math and Science,04680000,       0,       0,       0,       0,       0,       0,       0,       0,       0,       0,       0,       0,      51,      48,       0,      99
Malden,01650000,     330,     474,     458,     461,     484,     483,     523,     477,     519,     499,     487,     454,     433,     384,      15,"   6,481"
Manchester Essex Regional,06980000,      12,      83,      75,      86,      91,      80,     103,     118,     128,     111,     125,     127,     121,     110,       0,"   1,370"
Mansfield,01670000,     111,     205,     228,     235,     254,     268,     258,     283,     267,     302,     310,     276,     331,     308,      15,"   3,651"
Map Academy Charter School (District),35170000,       0,       0,       0,       0,       0,       0,       0,       0,       0,       0,      54,      30,      50,      27,       0,     161
Marblehead,01680000,      43,     164,     190,     208,     245,     204,     222,     197,     260,     228,     231,     258,     253,     256,       4,"   2,963"
Marblehead Community Charter Public (District),04640000,       0,       0,       0,       0,       0,      46,      52,      52,      19,      36,       0,       0,       0,       0,       0,     205
Marion,01690000,      21,      55,      61,      53,      58,      64,      59,      62,       0,       0,       0,       0,       0,       0,       0,     433
Marlborough,01700000,     175,     417,     409,     398,     405,     425,     413,     371,     384,     310,     278,     256,     260,     246,      10,"   4,757"
Marshfield,01710000,     129,     269,     226,     261,     303,     265,     296,     291,     335,     278,     334,     339,     309,     325,       0,"   3,960"
Martha's Vineyard,07000000,       0,       0,       0,       0,       0,       0,       0,       0,       0,       0,     180,     157,     171,     157,       5,     670
Martha's Vineyard Charter (District),04660000,       0,      14,      17,      15,      12,      17,      16,      13,      19,      21,       3,      14,       6,       5,       0,     172
Martin Luther King Jr. Charter School of Excellence (District),04920000,       0,      62,      58,      59,      63,      61,      57,       0,       0,       0,       0,       0,       0,       0,       0,     360
Masconomet,07050000,       0,       0,       0,       0,       0,       0,       0,       0,     265,     312,     287,     292,     283,     282,       0,"   1,721"
Mashpee,01720000,      91,      96,      95,     111,     100,     120,     117,     123,     147,     109,     119,     116,     113,     106,       0,"   1,563"
MATCH Charter Public School (District),04690000,      51,      92,      98,      98,      95,     100,      95,      95,      90,      94,      87,      83,      70,      75,       0,"   1,223"
Mattapoisett,01730000,      23,      52,      58,      60,      57,      62,      55,      75,       0,       0,       0,       0,       0,       0,       0,     442
Maynard,01740000,      50,     101,     100,     112,      99,     100,      88,      99,      94,      85,      71,      90,      81,      94,       1,"   1,265"
Medfield,01750000,      50,     195,     191,     187,     201,     204,     194,     193,     186,     196,     199,     198,     201,     206,       0,"   2,601"
Medford,01760000,     139,     313,     304,     306,     314,     304,     330,     324,     294,     303,     343,     313,     307,     302,       7,"   4,203"
Medway,01770000,      40,     145,     149,     154,     151,     172,     161,     186,     171,     166,     162,     178,     154,     189,       0,"   2,178"
Melrose,01780000,     281,     320,     316,     326,     331,     309,     290,     287,     273,     258,     221,     242,     244,     274,       5,"   3,977"
Mendon-Upton,07100000,      56,     154,     159,     168,     154,     159,     160,     193,     205,     203,     151,     174,     159,     154,       3,"   2,252"
Methuen,01810000,     117,     476,     506,     512,     517,     522,     524,     567,     576,     570,     481,     530,     494,     457,       2,"   6,851"
Middleborough,01820000,      63,     219,     213,     236,     227,     210,     230,     259,     261,     263,     221,     219,     182,     178,       8,"   2,989"
Middleton,01840000,      75,      86,     103,      86,      84,      82,      89,     108,       0,       0,       0,       0,       0,       0,       0,     713
Milford,01850000,     182,     311,     302,     322,     328,     344,     333,     337,     351,     331,     354,     318,     304,     279,      11,"   4,407"
Millbury,01860000,      69,     126,     120,     132,     103,     127,     144,     134,     157,     137,     130,      95,     117,     108,       1,"   1,700"
Millis,01870000,      61,      80,      77,      95,      80,      84,     100,      76,      90,     103,      79,      70,      93,      91,       0,"   1,179"
Milton,01890000,     138,     371,     375,     382,     398,     363,     368,     351,     324,     304,     269,     277,     272,     233,       6,"   4,431"
Minuteman Regional Vocational Technical,08300000,       0,       0,       0,       0,       0,       0,       0,       0,       0,       0,     191,     135,     145,     127,       0,     598
Mohawk Trail,07170000,      58,      53,      67,      72,      69,      65,      69,      56,      74,      69,      36,      52,      51,      50,       4,     845
Monomoy Regional School District,07120000,      69,     122,     123,     147,     146,     149,     162,     136,     183,     133,     128,     131,     117,     124,       6,"   1,876"
Monson,01910000,      66,      71,      72,      62,      68,      75,      75,      73,      60,      70,      45,      67,      63,      55,       2,     924
Montachusett Regional Vocational Technical,08320000,       0,       0,       0,       0,       0,       0,       0,       0,       0,       0,     358,     377,     353,     342,       0,"   1,430"
Mount Greylock,07150000,      29,      66,      83,      85,      92,      90,      86,      76,      91,     130,      85,      77,      84,      84,       2,"   1,160"
Mystic Valley Regional Charter (District),04700000,       0,     155,     156,     155,     127,     127,     128,     154,     138,     133,      95,      66,      88,      82,       0,"   1,604"
Nahant,01960000,      36,      17,      13,      14,      21,      21,      17,      15,       0,       0,       0,       0,       0,       0,       0,     154
Nantucket,01970000,      59,     103,     119,     121,      95,     114,     138,     153,     124,     119,     141,     134,     125,     133,       0,"   1,678"
Narragansett,07200000,      81,     114,     110,     115,     117,     110,     120,     135,     122,     116,      94,      91,      63,      74,       5,"   1,467"
Nashoba,07250000,      80,     202,     220,     216,     243,     238,     272,     253,     267,     268,     197,     268,     235,     217,       4,"   3,180"
Nashoba Valley Regional Vocational Technical,08520000,       0,       0,       0,       0,       0,       0,       0,       0,       0,       0,     181,     185,     181,     162,       0,     709
Natick,01980000,     136,     407,     421,     423,     425,     429,     447,     421,     406,     388,     392,     387,     408,     439,       0,"   5,529"
Nauset,06600000,       0,       0,       0,       0,       0,       0,       0,     185,     203,     192,     204,     221,     240,     233,       2,"   1,480"
Needham,01990000,      72,     390,     436,     441,     434,     463,     422,     499,     459,     432,     380,     453,     421,     401,       3,"   5,706"
Neighborhood House Charter (District),04440000,      39,      39,      42,      41,      44,      41,      65,      66,      70,      70,      64,      67,      55,       0,       0,     703
New Bedford,02010000,     481,"   1,038","   1,126","   1,066","   1,167","   1,183","   1,090","   1,028","   1,089","   1,049",     780,     704,     567,     512,       0,"  12,880"
New Heights Charter School of Brockton (District),35130000,       0,       0,       0,       0,       0,       0,       0,     104,     107,     110,      92,     104,      85,       0,       0,     602
New Salem-Wendell,07280000,      19,      19,      23,      14,      18,      17,      15,      20,       0,       0,       0,       0,       0,       0,       0,     145
Newburyport,02040000,      73,     153,     140,     128,     138,     149,     146,     167,     172,     199,     216,     182,     211,     185,       3,"   2,262"
Newton,02070000,     181,     825,     902,     918,     968,     952,"   1,061",     995,     983,     923,     996,"   1,035",     997,"   1,015",      28,"  12,779"
Norfolk,02080000,      70,     133,     129,     117,     133,     153,     116,     132,       0,       0,       0,       0,       0,       0,       0,     983
Norfolk County Agricultural,09150000,       0,       0,       0,       0,       0,       0,       0,       0,       0,       0,     144,     152,     136,     119,       0,     551
North Adams,02090000,     117,     112,      99,      98,     105,      97,      91,      97,     125,     114,      78,      66,      77,      77,       5,"   1,358"
North Andover,02110000,     125,     322,     350,     331,     330,     344,     379,     376,     365,     368,     318,     360,     370,     329,       0,"   4,667"
North Attleborough,02120000,     159,     279,     284,     283,     313,     335,     296,     338,     396,     366,     261,     274,     266,     305,       0,"   4,155"
North Brookfield,02150000,      27,      39,      39,      40,      51,      33,      40,      48,      38,      60,      31,      32,      26,      41,       0,     545
North Middlesex,07350000,      88,     236,     221,     233,     231,     234,     233,     260,     285,     252,     170,     206,     206,     217,      18,"   3,090"
North Reading,02170000,      60,     196,     151,     174,     169,     188,     183,     196,     183,     157,     176,     174,     190,     197,       3,"   2,397"
Northampton,02100000,      66,     183,     193,     195,     192,     162,     207,     207,     214,     201,     243,     210,     216,     206,       3,"   2,698"
Northampton-Smith Vocational Agricultural,04060000,       0,       0,       0,       0,       0,       0,       0,       0,       0,       0,     145,     116,     123,     112,       0,     496
Northboro-Southboro,07300000,       0,       0,       0,       0,       0,       0,       0,       0,       0,       0,     321,     334,     388,     340,       7,"   1,390"
Northborough,02130000,       0,     172,     159,     163,     179,     193,     174,     159,     184,     204,       0,       0,       0,       0,       0,"   1,587"
Northbridge,02140000,      77,     162,     121,     137,     143,     147,     169,     189,     154,     164,     154,     151,     120,     111,       0,"   1,999"
Northeast Metropolitan Regional Vocational Technical,08530000,       0,       0,       0,       0,       0,       0,       0,       0,       0,       0,     336,     341,     310,     288,       0,"   1,275"
Northern Berkshire Regional Vocational Technical,08510000,       0,       0,       0,       0,       0,       0,       0,       0,       0,       0,     140,     134,     116,     117,       0,     507
Norton,02180000,     109,     165,     152,     179,     168,     170,     186,     207,     198,     193,     173,     168,     178,     176,       7,"   2,429"
Norwell,02190000,      47,     168,     152,     165,     156,     175,     161,     166,     184,     162,     159,     164,     166,     185,       0,"   2,210"
Norwood,02200000,     122,     272,     274,     291,     289,     273,     256,     220,     255,     245,     252,     260,     231,     244,       6,"   3,490"
Oak Bluffs,02210000,      10,      35,      48,      31,      47,      55,      49,      52,      52,      47,       0,       0,       0,       0,       0,     426
Old Colony Regional Vocational Technical,08550000,       0,       0,       0,       0,       0,       0,       0,       0,       0,       0,     150,     139,     132,     135,       0,     556
Old Rochester,07400000,       0,       0,       0,       0,       0,       0,       0,       0,     214,     216,     174,     201,     188,     180,       6,"   1,179"
Old Sturbridge Academy Charter Public School (District),35150000,       0,      40,      40,      40,      40,      40,      40,       0,       0,       0,       0,       0,       0,       0,       0,     240
Orange,02230000,      39,      66,      64,      65,      69,      70,      62,      99,       0,       0,       0,       0,       0,       0,       0,     534
Orleans,02240000,       0,      22,      32,      34,      38,      39,      32,       0,       0,       0,       0,       0,       0,       0,       0,     197
Oxford,02260000,      46,     102,     112,     103,     143,     133,     121,     118,     148,     143,      98,     102,      98,      97,       8,"   1,572"
Palmer,02270000,      43,      95,     100,     104,     119,      88,      93,     113,     122,     116,      84,      63,      77,      82,       5,"   1,304"
Pathfinder Regional Vocational Technical,08600000,       0,       0,       0,       0,       0,       0,       0,       0,       0,       0,     160,     158,     151,     157,       0,     626
Paulo Freire Social Justice Charter School (District),35010000,       0,       0,       0,       0,       0,       0,       0,       0,       0,       0,      83,      75,      64,      56,       0,     278
Peabody,02290000,     243,     487,     480,     456,     467,     454,     489,     505,     477,     481,     386,     361,     356,     352,       0,"   5,994"
Pelham,02300000,       0,      13,      20,      15,      21,      17,      17,      22,       0,       0,       0,       0,       0,       0,       0,     125
Pembroke,02310000,      75,     177,     197,     196,     180,     211,     217,     200,     231,     223,     208,     204,     206,     191,       7,"   2,723"
Pentucket,07450000,      82,     173,     161,     171,     167,     178,     181,     147,     204,     189,     165,     191,     204,     183,       0,"   2,396"
Petersham,02340000,       0,      22,      23,       8,      20,      17,      20,      21,       0,       0,       0,       0,       0,       0,       0,     131
Phoenix Academy Public Charter High School Lawrence (District),35180000,       0,       0,       0,       0,       0,       0,       0,       0,       0,       0,      74,       9,      29,      12,       0,     124
Phoenix Academy Public Charter High School Springfield (District),35080000,       0,       0,       0,       0,       0,       0,       0,       0,       0,       0,     132,      14,      31,      11,       0,     188
Phoenix Charter Academy (District),04930000,       0,       0,       0,       0,       0,       0,       0,       0,       0,       0,     165,       9,      33,       9,       0,     216
Pioneer Charter School of Science (District),04940000,       0,      60,      63,      64,      66,      66,      67,      64,      60,      60,      61,      60,      54,      48,       0,     793
Pioneer Charter School of Science II (PCSS-II) (District),35060000,       0,       0,       0,       0,       0,       0,       0,       0,      66,      65,      62,      66,      56,      45,       0,     360
Pioneer Valley,07500000,      41,      35,      47,      65,      55,      52,      64,      43,      61,      66,      52,      27,      51,      40,       1,     700
Pioneer Valley Chinese Immersion Charter (District),04970000,       0,      44,      45,      44,      44,      44,      46,      69,      59,      40,      26,      42,      29,       8,       0,     540
Pioneer Valley Performing Arts Charter Public (District),04790000,       0,       0,       0,       0,       0,       0,       0,       0,      69,      70,      68,      65,      61,      63,       0,     396
Pittsfield,02360000,     121,     390,     385,     447,     397,     373,     435,     351,     387,     390,     399,     414,     409,     352,      11,"   5,261"
Plainville,02380000,      61,      85,      85,      91,      97,      86,      89,     115,       0,       0,       0,       0,       0,       0,       0,     709
Plymouth,02390000,     189,     486,     508,     524,     535,     523,     532,     527,     595,     614,     606,     570,     571,     553,       0,"   7,333"
Plympton,02400000,       0,      40,      28,      36,      26,      38,      21,      31,       0,       0,       0,       0,       0,       0,       0,     220
Prospect Hill Academy Charter (District),04870000,       0,      80,      85,      90,      94,      91,      90,      95,      96,      89,      89,      74,      73,      60,       0,"   1,106"
Provincetown,02420000,      20,       9,      11,       9,      11,      16,      13,      17,      10,      15,       0,       0,       0,       0,       0,     131
Quabbin,07530000,      70,     172,     132,     165,     133,     143,     171,     175,     177,     189,     157,     164,     149,     147,       4,"   2,148"
Quaboag Regional,07780000,      45,      77,      92,      90,      83,      94,     117,     100,      81,      99,     108,      87,      95,      60,       0,"   1,228"
Quincy,02430000,     338,     768,     775,     723,     718,     691,     708,     703,     691,     703,     710,     724,     713,     645,      15,"   9,625"
Ralph C Mahar,07550000,       0,       0,       0,       0,       0,       0,       0,       0,     126,     110,     120,      91,     104,      77,       0,     628
Randolph,02440000,      82,     226,     221,     246,     194,     218,     243,     239,     221,     197,     159,     170,     158,     157,      11,"   2,742"
Reading,02460000,     105,     318,     330,     297,     282,     331,     334,     292,     291,     341,     301,     294,     331,     304,       0,"   4,151"
Revere,02480000,     216,     544,     599,     566,     592,     563,     530,     628,     631,     579,     579,     525,     563,     409,       8,"   7,532"
Richmond,02490000,      17,      18,      16,      18,      15,      16,      16,      14,      19,      22,       0,       0,       0,       0,       0,     171
Rising Tide Charter Public (District),04830000,       0,       0,       0,       0,       0,       0,      88,      92,      91,      91,      85,      75,      68,      67,       0,     657
River Valley Charter (District),04820000,       0,      34,      32,      32,      33,      32,      33,      34,      32,      26,       0,       0,       0,       0,       0,     288
Rochester,02500000,      24,      55,      66,      78,      60,      86,      72,      68,       0,       0,       0,       0,       0,       0,       0,     509
Rockland,02510000,      67,     172,     182,     158,     182,     190,     187,     194,     192,     160,     149,     135,     141,     158,       6,"   2,273"
Rockport,02520000,      24,      49,      52,      56,      62,      68,      64,      70,      65,      79,      62,      58,      68,      74,       0,     851
Rowe,02530000,      10,      11,       4,       8,      13,       5,      13,       9,       0,       0,       0,       0,       0,       0,       0,      73
Roxbury Preparatory Charter (District),04840000,       0,       0,       0,       0,       0,       0,     228,     251,     234,     231,     253,     161,     111,      99,       0,"   1,568"
Sabis International Charter (District),04410000,       0,     105,     115,     149,     129,     128,     160,     132,     131,     128,      97,     102,     104,      92,       2,"   1,574"
Salem,02580000,      87,     298,     289,     304,     308,     281,     298,     277,     256,     268,     248,     206,     264,     227,       9,"   3,620"
Salem Academy Charter (District),04850000,       0,       0,       0,       0,       0,       0,       0,      73,      72,      72,      82,      70,      60,      66,       0,     495
Sandwich,02610000,      62,     155,     190,     188,     182,     199,     181,     203,     219,     229,     165,     162,     158,     173,       0,"   2,466"
Saugus,02620000,      84,     178,     203,     204,     195,     207,     205,     233,     204,     205,     163,     175,     183,     161,       7,"   2,607"
Savoy,02630000,      10,       7,       5,      10,       6,       8,      12,       0,       0,       0,       0,       0,       0,       0,       0,      58
Scituate,02640000,      64,     221,     230,     234,     203,     211,     218,     210,     226,     226,     190,     261,     251,     227,       5,"   2,977"
Seekonk,02650000,      48,     156,     162,     161,     165,     149,     150,     144,     184,     159,     141,     165,     149,     147,       0,"   2,080"
Seven Hills Charter Public (District),04860000,       0,      75,      74,      74,      75,      82,      74,      75,      70,      70,       0,       0,       0,       0,       0,     669
Sharon,02660000,      47,     242,     259,     252,     258,     275,     283,     297,     285,     290,     288,     303,     267,     261,       0,"   3,607"
Shawsheen Valley Regional Vocational Technical,08710000,       0,       0,       0,       0,       0,       0,       0,       0,       0,       0,     307,     334,     316,     308,       0,"   1,265"
Sherborn,02690000,      27,      65,      63,      54,      73,      62,      69,       0,       0,       0,       0,       0,       0,       0,       0,     413
Shrewsbury,02710000,     230,     359,     431,     440,     469,     459,     497,     504,     480,     514,     467,     467,     452,     499,       0,"   6,268"
Shutesbury,02720000,      17,      17,      12,      13,      19,      12,      21,      13,       0,       0,       0,       0,       0,       0,       0,     124
Silver Lake,07600000,     109,       0,       0,       0,       0,       0,       0,       0,     262,     242,     283,     270,     280,     288,       7,"   1,741"
Sizer School: A North Central Charter Essential (District),04740000,       0,       0,       0,       0,       0,       0,       0,       0,      67,      74,      60,      55,      52,      47,       0,     355
Somerset,02730000,      58,     149,     165,     173,     201,     162,     181,     222,     210,     218,       0,       0,       0,       0,       0,"   1,739"
Somerset Berkley Regional School District,07630000,       0,       0,       0,       0,       0,       0,       0,       0,       0,       0,     250,     259,     246,     267,       4,"   1,026"
Somerville,02740000,     305,     432,     411,     377,     362,     381,     367,     335,     348,     339,     326,     329,     294,     321,      12,"   4,939"
South Hadley,02780000,      73,     126,     153,     138,     148,     133,     137,     130,     150,     144,     138,     139,     145,     137,       9,"   1,900"
South Middlesex Regional Vocational Technical,08290000,       0,       0,       0,       0,       0,       0,       0,       0,       0,       0,     214,     220,     190,     175,       0,     799
South Shore Charter Public (District),04880000,       0,      75,      82,      80,      79,      61,      80,      81,      78,      80,      86,      71,      79,      69,       0,"   1,001"
South Shore Regional Vocational Technical,08730000,       0,       0,       0,       0,       0,       0,       0,       0,       0,       0,     171,     167,     156,     144,       0,     638
Southampton,02750000,      43,      60,      63,      59,      75,      61,      58,      73,       0,       0,       0,       0,       0,       0,       0,     492
Southborough,02760000,      82,     140,     117,     138,     120,     135,     133,     128,     134,     153,       0,       0,       0,       0,       0,"   1,280"
Southbridge,02770000,      68,     168,     130,     158,     157,     135,     137,     160,     153,     159,     151,     129,     100,     100,       2,"   1,907"
Southeastern Regional Vocational Technical,08720000,       0,       0,       0,       0,       0,       0,       0,       0,       0,       0,     388,     367,     370,     333,       0,"   1,458"
Southern Berkshire,07650000,      51,      48,      46,      33,      55,      54,      44,      39,      54,      40,      55,      49,      50,      57,       0,     675
Southern Worcester County Regional Vocational Technical,08760000,       0,       0,       0,       0,       0,       0,       0,       0,       0,       0,     315,     302,     278,     250,       0,"   1,145"
Southwick-Tolland-Granville Regional School District,07660000,      51,      92,     111,      88,     108,     112,     127,     121,     120,     114,      99,     121,     107,     113,       2,"   1,486"
Spencer-E Brookfield,07670000,      80,     116,      94,     120,     132,      94,     106,     142,     112,     123,      75,      63,      64,      59,       0,"   1,380"
Springfield,02810000,"   1,536","   1,835","   1,926","   1,859","   1,877","   1,842","   1,824","   1,772","   1,761","   1,683","   2,154","   1,784","   1,501","   1,525",     128,"  25,007"
Springfield Preparatory Charter School (District),35100000,       0,      54,      53,      55,      54,      54,      54,       0,       0,       0,       0,       0,       0,       0,       0,     324
Stoneham,02840000,      99,     178,     182,     181,     187,     186,     172,     192,     174,     176,     146,     140,     179,     180,       0,"   2,372"
Stoughton,02850000,     109,     255,     237,     239,     252,     261,     251,     270,     292,     304,     255,     240,     264,     257,       6,"   3,492"
Sturbridge,02870000,      81,     107,      99,     113,     119,     115,     118,     135,       0,       0,       0,       0,       0,       0,       0,     887
Sturgis Charter Public (District),04890000,       0,       0,       0,       0,       0,       0,       0,       0,       0,       0,     217,     222,     202,     191,       0,     832
Sudbury,02880000,      40,     279,     262,     264,     282,     312,     283,     296,     344,     305,       0,       0,       0,       0,       0,"   2,667"
Sunderland,02890000,      20,      28,      28,      26,      31,      37,      18,      34,       0,       0,       0,       0,       0,       0,       0,     222
Sutton,02900000,      37,      93,     105,     100,      88,     108,     106,     107,     122,     116,      85,      97,      86,     105,       2,"   1,357"
Swampscott,02910000,      59,     162,     155,     153,     157,     151,     154,     160,     188,     176,     158,     193,     183,     168,       1,"   2,218"
Swansea,02920000,      57,     153,     151,     168,     167,     142,     174,     178,     186,     200,     130,     131,     132,     131,       3,"   2,103"
Tantasqua,07700000,       0,       0,       0,       0,       0,       0,       0,       0,     293,     294,     307,     304,     298,     294,       3,"   1,793"
Taunton,02930000,     312,     582,     580,     606,     613,     621,     650,     649,     668,     690,     519,     515,     515,     506,      10,"   8,036"
TEC Connections Academy Commonwealth Virtual School District,39020000,       0,      38,      41,      54,      49,      70,      68,     124,     181,     237,     378,     357,     309,     277,       0,"   2,183"
Tewksbury,02950000,     173,     247,     249,     237,     296,     240,     252,     259,     259,     279,     198,     219,     213,     220,       7,"   3,348"
Tisbury,02960000,       9,      32,      23,      33,      32,      32,      24,      42,      34,      38,       0,       0,       0,       0,       0,     299
Topsfield,02980000,      44,      79,      81,      85,      88,      83,      92,      96,       0,       0,       0,       0,       0,       0,       0,     648
Tri-County Regional Vocational Technical,08780000,       0,       0,       0,       0,       0,       0,       0,       0,       0,       0,     229,     258,     233,     249,       0,     969
Triton,07730000,     118,     160,     165,     174,     163,     162,     190,     179,     183,     178,     194,     161,     156,     171,       0,"   2,354"
Truro,03000000,      21,      12,      15,      14,      15,      19,      12,       5,       0,       0,       0,       0,       0,       0,       0,     113
Tyngsborough,03010000,      52,     116,     126,     114,     148,     122,     116,     150,     120,     116,     100,     122,     109,     119,       0,"   1,630"
UP Academy Charter School of Boston (District),04800000,       0,       0,       0,       0,       0,       0,       0,     135,     145,     141,       0,       0,       0,       0,       0,     421
UP Academy Charter School of Dorchester (District),35050000,      60,      59,      72,      69,      72,      75,      73,      85,      77,      69,       0,       0,       0,       0,       0,     711
Up-Island Regional,07740000,       8,      32,      47,      43,      41,      46,      54,      57,      40,      44,       0,       0,       0,       0,       0,     412
Upper Cape Cod Regional Vocational Technical,08790000,       0,       0,       0,       0,       0,       0,       0,       0,       0,       0,     173,     186,     177,     170,       0,     706
Uxbridge,03040000,      83,     127,     120,     126,     117,     122,     137,     124,     134,     150,     129,      97,     116,     131,       5,"   1,718"
Veritas Preparatory Charter School (District),04980000,       0,       0,       0,       0,       0,       0,     110,     111,      79,      65,       0,       0,       0,       0,       0,     365
Wachusett,07750000,     159,     423,     504,     454,     552,     552,     551,     570,     601,     599,     509,     499,     523,     500,      14,"   7,010"
Wakefield,03050000,     140,     261,     261,     261,     273,     258,     266,     264,     265,     253,     219,     250,     252,     262,       0,"   3,485"
Wales,03060000,      19,      16,      13,      14,      15,      26,      17,      25,       0,       0,       0,       0,       0,       0,       0,     145
Walpole,03070000,      76,     266,     279,     272,     283,     275,     276,     294,     271,     309,     246,     284,     269,     273,       6,"   3,679"
Waltham,03080000,     148,     438,     454,     466,     459,     450,     419,     414,     420,     416,     434,     407,     408,     404,       1,"   5,738"
Ware,03090000,      58,      86,      85,      72,      77,      87,     100,     101,     113,     107,      69,      61,      69,      42,       7,"   1,134"
Wareham,03100000,      80,     198,     161,     191,     150,     173,     176,     190,     157,     187,     149,     110,      94,     109,       8,"   2,133"
Watertown,03140000,     146,     221,     242,     233,     206,     173,     186,     193,     205,     181,     173,     163,     184,     154,       3,"   2,663"
Wayland,03150000,       0,     202,     178,     238,     211,     194,     190,     206,     241,     211,     202,     198,     230,     206,       0,"   2,707"
Webster,03160000,      40,     157,     154,     147,     165,     155,     155,     149,     161,     126,     108,     114,     102,     102,       6,"   1,841"
Wellesley,03170000,      99,     327,     331,     366,     359,     345,     366,     408,     382,     375,     376,     350,     393,     380,       5,"   4,862"
Wellfleet,03180000,       0,      19,      18,      15,      19,      16,      19,       0,       0,       0,       0,       0,       0,       0,       0,     106
West Boylston,03220000,      32,      62,      67,      59,      65,      63,      60,      69,      76,      73,      68,      87,      72,      56,       0,     909
West Bridgewater,03230000,      63,      95,     112,      90,      95,      92,      87,     108,     107,     107,     105,     103,     103,     106,       0,"   1,373"
West Springfield,03320000,     124,     282,     296,     286,     329,     311,     322,     314,     303,     291,     336,     303,     282,     296,      15,"   4,090"
Westborough,03210000,     128,     253,     281,     294,     311,     284,     291,     307,     330,     316,     266,     302,     318,     261,       0,"   3,942"
Westfield,03250000,     171,     371,     381,     325,     354,     370,     346,     398,     383,     410,     415,     445,     435,     436,      21,"   5,261"
Westford,03260000,     114,     273,     305,     337,     307,     373,     389,     358,     386,     395,     431,     392,     443,     424,       1,"   4,928"
Westhampton,03270000,       9,      13,      15,      10,      20,      17,      20,      16,       0,       0,       0,       0,       0,       0,       0,     120
Weston,03300000,      42,     128,     140,     125,     147,     155,     152,     149,     180,     158,     159,     166,     168,     170,       0,"   2,039"
Westport,03310000,      52,     105,     106,     108,     112,     124,     134,     113,     123,     145,      83,      78,      87,      48,       0,"   1,418"
Westwood,03350000,      42,     170,     213,     215,     202,     228,     238,     223,     228,     247,     256,     255,     247,     236,       0,"   3,000"
Weymouth,03360000,     199,     360,     364,     396,     418,     416,     422,     464,     444,     450,     464,     459,     429,     464,      14,"   5,763"
Whately,03370000,      19,      16,      15,      14,      19,      12,      15,      17,       0,       0,       0,       0,       0,       0,       0,     127
Whitman-Hanson,07800000,     109,     238,     248,     267,     264,     267,     276,     305,     323,     304,     282,     290,     291,     290,       5,"   3,759"
Whittier Regional Vocational Technical,08850000,       0,       0,       0,       0,       0,       0,       0,       0,       0,       0,     352,     312,     273,     317,       0,"   1,254"
Williamsburg,03400000,       7,      19,      19,      16,      16,      24,      19,      17,       0,       0,       0,       0,       0,       0,       0,     137
Wilmington,03420000,      77,     245,     232,     266,     239,     271,     210,     290,     262,     266,     195,     203,     197,     213,       0,"   3,166"
Winchendon,03430000,      85,      95,     100,     108,     101,      90,      85,      82,     101,      82,      75,      74,      66,      80,       0,"   1,224"
Winchester,03440000,      68,     333,     343,     330,     357,     360,     350,     404,     349,     366,     362,     344,     367,     345,       0,"   4,678"
Winthrop,03460000,      50,     162,     156,     132,     144,     133,     136,     164,     155,     161,     138,     147,     160,     125,       2,"   1,965"
Woburn,03470000,     156,     330,     352,     319,     328,     331,     346,     347,     375,     318,     283,     354,     312,     300,       0,"   4,451"
Worcester,03480000,"   1,044","   2,025","   1,956","   1,868","   1,805","   1,803","   1,882","   1,879","   1,759","   1,789","   1,978","   1,808","   1,675","   1,709",      64,"  25,044"
Worthington,03490000,      15,      10,      10,      14,       9,       9,      10,      11,       0,       0,       0,       0,       0,       0,       0,      88
Wrentham,03500000,      87,     109,     103,     130,     123,     115,     133,     152,       0,       0,       0,       0,       0,       0,       0,     952
State Totals,00000000,"  30,616","  65,288","  67,565","  67,682","  68,615","  68,933","  70,637","  72,747","  73,125","  71,898","  75,808","  73,541","  71,479","  69,373","   1,521"," 948,828"