District Name,District Code,In-District Expenditures,Total In-district FTEs,In-District Expenditures per Pupil,Total Expenditures,Total Pupil FTEs,Total Expenditures per Pupil,
Abby Kelley Foster Charter Public (District),04450000,"          $21,896,724.82","           1,425.4","              $15,361.60","          $21,896,724.82","           1,425.4","              $15,361.60",
Abington,00010000,"          $28,935,060.24","           2,064.7","              $14,014.47","          $32,687,048.06","           2,166.7","              $15,086.10",
Academy Of the Pacific Rim Charter Public (District),04120000,"          $10,728,860.94",             532.7,"              $20,141.29","          $10,728,860.94",             532.7,"              $20,141.29",
Acton-Boxborough,06000000,"          $84,437,382.08","           5,586.8","              $15,113.68","          $93,817,043.97","           5,710.8","              $16,428.00",
Acushnet,00030000,"          $12,904,091.86","           1,018.1","              $12,674.89","          $17,148,647.53","           1,336.5","              $12,831.01",
Adams-Cheshire,06030000,"          $18,503,004.34","           1,161.6","              $15,929.58","          $20,868,108.53","           1,396.2","              $14,946.36",
Advanced Math and Science Academy Charter (District),04300000,"          $15,910,750.63",             972.7,"              $16,357.31","          $15,910,750.63",             972.7,"              $16,357.31",
Agawam,00050000,"          $63,234,830.14","           3,710.3","              $17,042.87","          $69,007,740.22","           3,868.8","              $17,836.99",
Alma del Mar Charter School (District),04090000,"           $7,277,889.00",             440.0,"              $16,541.03","           $7,277,889.00",             440.0,"              $16,541.03",
Amesbury,00070000,"          $34,107,103.55","           2,044.4","              $16,682.87","          $39,184,044.16","           2,195.9","              $17,844.18",
Amherst,00080000,"          $26,795,465.00","           1,130.9","              $23,693.00","          $28,985,814.33","           1,255.3","              $23,090.75",
Amherst-Pelham,06050000,"          $29,757,591.00","           1,334.3","              $22,302.21","          $34,083,650.00","           1,492.6","              $22,835.09",
Andover,00090000,"         $105,001,180.47","           5,967.5","              $17,595.59","         $113,553,799.47","           6,089.0","              $18,649.01",
Argosy Collegiate Charter School (District),35090000,"           $6,780,429.59",             458.9,"              $14,776.36","           $6,780,429.59",             458.9,"              $14,776.36",
Arlington,00100000,"          $81,188,061.49","           5,957.9","              $13,627.02","          $89,159,543.39","           6,106.6","              $14,600.52",
Ashburnham-Westminster,06100000,"          $30,529,739.15","           2,356.7","              $12,954.41","          $32,017,603.25","           2,438.3","              $13,131.12",
Ashland,00140000,"          $38,910,976.10","           2,853.3","              $13,637.34","          $42,577,729.17","           2,936.1","              $14,501.46",
Assabet Valley Regional Vocational Technical,08010000,"          $23,329,863.00","           1,158.2","              $20,143.30","          $23,366,767.00","           1,157.2","              $20,192.51",
Athol-Royalston,06150000,"          $21,646,614.47","           1,475.2","              $14,673.90","          $26,422,635.50","           1,853.3","              $14,257.07",
Atlantis Charter (District),04910000,"          $17,034,567.00","           1,287.8","              $13,227.65","          $17,034,567.00","           1,287.8","              $13,227.65",
Attleboro,00160000,"          $80,024,521.45","           5,895.0","              $13,575.06","          $89,926,999.35","           6,401.5","              $14,047.80",
Auburn,00170000,"          $35,683,526.43","           2,638.9","              $13,522.32","          $37,120,391.37","           2,693.7","              $13,780.45",
Avon,00180000,"          $11,639,584.00",             721.5,"              $16,133.22","          $12,781,279.00",             742.4,"              $17,216.16",
Ayer Shirley School District,06160000,"          $25,584,105.08","           1,710.3","              $14,959.18","          $30,063,189.51","           1,942.3","              $15,478.14",
Barnstable,00200000,"          $81,595,672.54","           4,770.6","              $17,103.78","          $93,041,052.29","           5,572.5","              $16,696.47",
Barnstable Community Horace Mann Charter Public (District),04270000,"           $3,972,296.00",             288.0,"              $13,794.29","           $3,972,296.00",             288.0,"              $13,794.29",
Baystate Academy Charter Public School (District),35020000,"           $7,815,903.16",             488.8,"              $15,988.67","           $7,815,903.16",             488.8,"              $15,988.67",
Bedford,00230000,"          $48,611,869.78","           2,652.8","              $18,324.93","          $54,096,545.03","           2,715.0","              $19,925.06",
Belchertown,00240000,"          $31,818,099.41","           2,275.7","              $13,981.44","          $35,217,485.68","           2,467.7","              $14,271.38",
Bellingham,00250000,"          $36,328,515.22","           2,221.1","              $16,356.30","          $41,659,854.72","           2,445.8","              $17,033.22",
Belmont,00260000,"          $61,722,257.00","           4,613.2","              $13,379.46","          $70,137,376.00","           4,732.5","              $14,820.36",
Benjamin Banneker Charter Public (District),04200000,"           $8,033,370.00",             350.0,"              $22,954.45","           $8,033,370.00",             350.0,"              $22,954.45",
Benjamin Franklin Classical Charter Public (District),04470000,"           $6,988,629.01",             457.9,"              $15,263.35","           $6,988,629.01",             457.9,"              $15,263.35",
Bentley Academy Charter School (District),35110000,"           $4,590,068.65",             334.6,"              $13,716.46","           $4,590,068.65",             334.6,"              $13,716.46",
Berkley,00270000,"          $10,904,172.25",             892.5,"              $12,217.94","          $11,347,799.25",             905.4,"              $12,533.47",
Berkshire Arts and Technology Charter Public (District),04140000,"           $6,343,118.59",             369.4,"              $17,169.55","           $6,343,118.59",             369.4,"              $17,169.55",
Berkshire Hills,06180000,"          $26,907,389.16","           1,197.9","              $22,462.34","          $28,934,800.16","           1,319.6","              $21,926.95",
Berlin,00280000,"           $3,931,635.00",             178.5,"              $22,025.97","           $4,021,775.00",             183.9,"              $21,869.36",
Berlin-Boylston,06200000,"           $8,525,877.00",             580.9,"              $14,678.00","          $10,140,409.40",             625.9,"              $16,201.33",
Beverly,00300000,"          $62,601,950.13","           4,612.4","              $13,572.61","          $71,714,569.38","           4,809.0","              $14,912.57",
Billerica,00310000,"          $79,411,570.00","           4,782.4","              $16,604.94","          $86,305,246.00","           5,023.9","              $17,178.93",
Blackstone Valley Regional Vocational Technical,08050000,"          $24,931,775.18","           1,251.1","              $19,927.62","          $24,931,775.02","           1,248.1","              $19,975.78",
Blackstone-Millville,06220000,"          $22,845,115.32","           1,725.2","              $13,241.67","          $25,550,989.84","           1,851.3","              $13,801.65",
Blue Hills Regional Vocational Technical,08060000,"          $21,016,283.13",             905.5,"              $23,210.02","          $21,016,283.13",             906.5,"              $23,183.99",
Boston,00350000,"       $1,260,411,344.26","          52,211.4","              $24,140.55","       $1,528,412,495.35","          66,445.7","              $23,002.43",
Boston Collegiate Charter (District),04490000,"          $14,080,719.32",             698.7,"              $20,152.45","          $14,080,719.32",             698.7,"              $20,152.45",
Boston Day and Evening Academy Charter (District),04240000,"           $7,434,829.12",             387.4,"              $19,193.57","           $7,434,829.12",             387.4,"              $19,193.57",
Boston Green Academy Horace Mann Charter School (District),04110000,"           $7,747,679.43",             463.6,"              $16,710.59","           $7,747,679.43",             463.6,"              $16,710.59",
Boston Preparatory Charter Public (District),04160000,"          $11,548,735.42",             526.3,"              $21,942.42","          $11,548,735.42",             526.3,"              $21,942.42",
Boston Renaissance Charter Public (District),04810000,"          $20,531,117.00",             945.4,"              $21,718.01","          $20,531,117.00",             945.4,"              $21,718.01",
Bourne,00360000,"          $30,936,776.60","           1,943.4","              $15,918.57","          $36,096,562.60","           2,253.2","              $16,020.13",
Boxford,00380000,"          $13,779,964.00",             727.0,"              $18,953.40","          $14,443,245.00",             736.4,"              $19,613.31",
Boylston,00390000,"           $4,124,091.00",             285.5,"              $14,444.31","           $4,784,888.68",             315.3,"              $15,175.67",
Braintree,00400000,"          $93,802,479.97","           5,868.9","              $15,983.10","         $100,296,152.69","           5,965.6","              $16,812.42",
Brewster,00410000,"          $10,008,972.00",             472.3,"              $21,191.73","          $10,605,962.00",             504.9,"              $21,006.06",
Bridge Boston Charter School (District),04170000,"           $7,849,388.00",             334.4,"              $23,471.65","           $7,849,388.00",             334.4,"              $23,471.65",
Bridgewater-Raynham,06250000,"          $69,916,835.98","           5,369.2","              $13,021.82","          $77,334,374.93","           5,625.8","              $13,746.38",
Brimfield,00430000,"           $4,344,351.00",             294.7,"              $14,743.27","           $4,856,663.00",             304.4,"              $15,954.87",
Bristol County Agricultural,09100000,"          $12,399,742.90",             450.3,"              $27,537.65","          $12,399,742.40",             450.3,"              $27,536.63",
Bristol-Plymouth Regional Vocational Technical,08100000,"          $25,076,215.32","           1,319.6","              $19,002.81","          $25,151,441.32","           1,339.3","              $18,779.54",
Brockton,00440000,"         $245,238,171.05","          16,225.4","              $15,114.49","         $271,418,388.13","          17,798.9","              $15,249.17",
Brooke Charter School (District),04280000,"          $37,696,437.47","           1,844.8","              $20,434.44","          $37,696,437.47","           1,844.8","              $20,434.44",
Brookfield,00450000,"           $3,950,799.00",             318.4,"              $12,407.86","           $4,239,249.00",             325.9,"              $13,007.82",
Brookline,00460000,"         $156,086,140.60","           7,863.5","              $19,849.39","         $163,089,458.60","           7,939.0","              $20,542.82",
Burlington,00480000,"          $71,076,669.56","           3,531.1","              $20,128.54","          $80,497,849.04","           3,650.5","              $22,051.18",
Cambridge,00490000,"         $196,730,104.66","           7,063.1","              $27,853.05","         $230,271,785.03","           7,741.4","              $29,745.50",
Canton,00500000,"          $52,818,900.90","           3,298.5","              $16,012.98","          $59,072,430.90","           3,378.3","              $17,485.85",
Cape Cod Lighthouse Charter (District),04320000,"           $4,406,910.95",             242.1,"              $18,205.86","           $4,406,910.95",             242.1,"              $18,205.86",
Cape Cod Regional Vocational Technical,08150000,"          $16,349,126.03",             569.4,"              $28,710.94","          $16,118,424.07",             573.4,"              $28,110.26",
Carlisle,00510000,"          $12,373,800.79",             601.8,"              $20,560.94","          $13,349,656.95",             614.8,"              $21,713.82",
Carver,00520000,"          $23,588,608.87","           1,565.2","              $15,071.15","          $25,995,815.63","           1,652.4","              $15,732.16",
Central Berkshire,06350000,"          $26,456,827.22","           1,595.9","              $16,578.46","          $29,284,881.72","           1,826.2","              $16,035.97",
Chelmsford,00560000,"          $72,549,337.57","           5,011.3","              $14,477.21","          $82,455,051.45","           5,273.2","              $15,636.63",
Chelsea,00570000,"          $89,492,255.72","           6,063.0","              $14,760.49","         $116,549,314.68","           7,211.2","              $16,162.26",
Chesterfield-Goshen,06320000,"           $2,452,025.00",             129.0,"              $19,010.40","           $2,597,758.00",             145.0,"              $17,915.57",
Chicopee,00610000,"         $113,345,675.24","           7,433.2","              $15,248.67","         $120,838,437.87","           7,956.7","              $15,187.00",
Christa McAuliffe Charter Public (District),04180000,"           $7,238,839.00",             393.6,"              $18,392.76","           $7,238,839.00",             393.6,"              $18,392.76",
City on a Hill Charter Public School Circuit Street (District),04370000,"           $7,868,791.59",             257.8,"              $30,520.49","           $7,868,791.59",             257.8,"              $30,520.49",
City on a Hill Charter Public School Dudley Square (District),35040000,"           $5,355,886.86",             243.8,"              $21,969.26","           $5,355,886.86",             243.8,"              $21,969.26",
City on a Hill Charter Public School New Bedford (District),35070000,"           $4,937,419.09",             208.3,"              $23,699.99","           $4,937,419.09",             208.3,"              $23,699.99",
Clarksburg,00630000,"           $2,792,382.22",             183.7,"              $15,200.31","           $3,479,548.61",             242.8,"              $14,330.93",
Clinton,00640000,"          $25,457,997.36","           1,861.1","              $13,678.80","          $31,622,700.96","           2,175.3","              $14,537.17",
Codman Academy Charter Public (District),04380000,"           $8,175,206.08",             344.5,"              $23,730.64","           $8,175,206.08",             344.5,"              $23,730.64",
Cohasset,00650000,"          $26,104,808.92","           1,547.3","              $16,870.84","          $28,096,564.75","           1,574.6","              $17,843.62",
Collegiate Charter School of Lowell (District),35030000,"           $9,039,483.65",             842.8,"              $10,725.03","           $9,039,483.65",             842.8,"              $10,725.03",
Community Charter School of Cambridge (District),04360000,"           $7,331,637.00",             330.1,"              $22,212.37","           $7,331,637.00",             330.1,"              $22,212.37",
Community Day Charter Public School - Gateway (District),04260000,"           $6,050,593.00",             359.7,"              $16,819.35","           $6,050,593.00",             359.7,"              $16,819.35",
Community Day Charter Public School - Prospect (District),04400000,"           $7,002,570.00",             400.0,"              $17,507.74","           $7,002,570.00",             400.0,"              $17,507.74",
Community Day Charter Public School - R. Kingman Webster (District),04310000,"           $5,661,404.00",             359.9,"              $15,730.05","           $5,661,404.00",             359.9,"              $15,730.05",
Concord,00670000,"          $42,226,065.19","           2,102.3","              $20,085.65","          $45,483,159.04","           2,147.5","              $21,179.59",
Concord-Carlisle,06400000,"          $26,498,453.89","           1,253.4","              $21,141.17","          $30,602,986.23","           1,298.2","              $23,573.40",
Conservatory Lab Charter (District),04390000,"           $7,685,558.28",             445.5,"              $17,252.31","           $7,685,558.28",             445.5,"              $17,252.31",
Conway,00680000,"           $2,973,510.08",             134.5,"              $22,102.40","           $3,205,277.21",             144.8,"              $22,135.89",
Danvers,00710000,"          $56,842,293.09","           3,483.9","              $16,315.60","          $62,764,509.82","           3,603.1","              $17,419.59",
Dartmouth,00720000,"          $49,391,329.44","           3,649.3","              $13,534.57","          $53,739,695.96","           3,735.2","              $14,387.37",
Dedham,00730000,"          $52,193,478.90","           2,676.2","              $19,503.20","          $57,564,643.03","           2,764.7","              $20,821.30",
Deerfield,00740000,"           $6,623,280.22",             395.5,"              $16,746.13","           $7,092,073.61",             431.7,"              $16,428.25",
Dennis-Yarmouth,06450000,"          $53,512,638.00","           2,956.0","              $18,102.99","          $61,047,245.00","           3,522.7","              $17,329.67",
Dighton-Rehoboth,06500000,"          $40,995,976.22","           2,913.5","              $14,070.85","          $44,505,432.41","           2,991.4","              $14,877.79",
Douglas,00770000,"          $18,634,706.20","           1,275.7","              $14,607.63","          $21,288,300.28","           1,365.4","              $15,591.26",
Dover,00780000,"           $9,460,738.00",             500.7,"              $18,893.77","          $11,782,061.00",             509.9,"              $23,106.61",
Dover-Sherborn,06550000,"          $24,760,649.77","           1,181.2","              $20,961.59","          $26,008,146.66","           1,214.6","              $21,412.93",
Dracut,00790000,"          $42,836,650.26","           3,661.9","              $11,697.88","          $49,943,922.40","           4,055.8","              $12,314.20",
Dudley Street Neighborhood Charter School (District),04070000,"           $5,401,565.67",             263.7,"              $20,480.96","           $5,401,565.67",             263.7,"              $20,480.96",
Dudley-Charlton Reg,06580000,"          $48,861,494.17","           3,817.9","              $12,797.93","          $52,601,781.70","           3,917.4","              $13,427.73",
Duxbury,00820000,"          $47,803,494.96","           2,999.9","              $15,935.12","          $50,336,078.96","           3,047.4","              $16,517.71",
East Bridgewater,00830000,"          $27,911,962.00","           2,251.7","              $12,395.98","          $30,599,305.00","           2,333.2","              $13,114.74",
East Longmeadow,00870000,"          $39,964,265.33","           2,637.8","              $15,150.89","          $43,866,375.31","           2,727.8","              $16,081.23",
Eastham,00850000,"           $4,699,643.00",             170.1,"              $27,623.29","           $4,784,261.00",             188.4,"              $25,394.17",
Easthampton,00860000,"          $21,345,319.45","           1,566.1","              $13,629.36","          $27,047,635.99","           1,899.5","              $14,239.35",
Easton,00880000,"          $49,710,810.10","           3,621.5","              $13,726.66","          $54,556,305.09","           3,723.6","              $14,651.49",
Edgartown,00890000,"          $10,922,480.74",             382.8,"              $28,531.06","          $12,191,012.82",             460.0,"              $26,502.20",
Edward M. Kennedy Academy for Health Careers (Horace Mann Charter) (District),04520000,"           $8,821,381.00",             381.2,"              $23,141.80","           $8,821,381.00",             381.2,"              $23,141.80",
Erving,00910000,"           $4,343,292.00",             131.6,"              $32,995.38","           $5,909,542.00",             225.3,"              $26,229.66",
Essex North Shore Agricultural and Technical School District,08170000,"          $27,300,444.92","           1,397.4","              $19,536.44","          $27,723,999.72","           1,404.2","              $19,743.63",
Everett,00930000,"          $98,837,678.00","           7,144.5","              $13,834.11","         $117,989,739.00","           8,031.4","              $14,691.05",
Excel Academy Charter (District),04100000,"          $22,903,282.25","           1,295.4","              $17,680.06","          $22,903,282.25","           1,295.4","              $17,680.06",
Fairhaven,00940000,"          $25,331,875.12","           2,030.9","              $12,473.43","          $27,574,133.41","           2,089.7","              $13,195.26",
Fall River,00950000,"         $154,122,982.00","          10,234.6","              $15,059.01","         $186,558,142.00","          12,256.2","              $15,221.53",
Falmouth,00960000,"          $61,882,873.36","           3,342.4","              $18,514.75","          $66,955,651.36","           3,548.7","              $18,867.66",
Farmington River Reg,06620000,"           $3,350,045.40",             117.6,"              $28,494.86","           $4,740,607.20",             259.0,"              $18,303.50",
Fitchburg,00970000,"          $75,118,414.63","           5,292.8","              $14,192.67","          $90,664,939.21","           6,029.3","              $15,037.39",
Florida,00980000,"           $2,031,635.52",              87.3,"              $23,279.29","           $2,187,028.29",             103.4,"              $21,151.14",
Four Rivers Charter Public (District),04130000,"           $3,927,012.59",             218.6,"              $17,967.66","           $3,927,012.59",             218.6,"              $17,967.66",
Foxborough,00990000,"          $44,593,266.96","           2,571.2","              $17,343.33","          $49,445,943.10","           2,716.1","              $18,204.76",
Foxborough Regional Charter (District),04460000,"          $21,689,547.59","           1,619.3","              $13,394.65","          $21,689,547.59","           1,619.3","              $13,394.65",
Framingham,01000000,"         $162,795,056.00","           8,852.8","              $18,389.16","         $187,711,485.60","           9,602.7","              $19,547.78",
Francis W. Parker Charter Essential (District),04780000,"           $5,986,426.60",             394.6,"              $15,170.10","           $5,986,426.60",             394.6,"              $15,170.10",
Franklin,01010000,"          $74,748,010.83","           5,235.9","              $14,276.15","          $87,057,405.39","           5,677.4","              $15,334.03",
Franklin County Regional Vocational Technical,08180000,"          $12,556,494.00",             474.4,"              $26,468.16","          $12,573,410.00",             476.7,"              $26,375.94",
Freetown-Lakeville,06650000,"          $36,927,571.60","           2,799.9","              $13,188.92","          $40,843,234.72","           2,923.3","              $13,971.62",
Frontier,06700000,"          $11,167,338.14",             655.1,"              $17,047.64","          $13,144,542.97",             751.9,"              $17,481.77",
Gardner,01030000,"          $31,786,922.74","           2,284.8","              $13,912.58","          $35,631,726.89","           2,628.7","              $13,554.89",
Gateway,06720000,"          $15,350,941.07",             840.8,"              $18,258.63","          $16,286,947.96",             943.7,"              $17,258.61",
Georgetown,01050000,"          $20,006,386.27","           1,361.6","              $14,693.35","          $21,927,507.66","           1,402.0","              $15,640.16",
Gill-Montague,06740000,"          $17,726,337.00",             938.3,"              $18,892.08","          $21,146,732.37","           1,275.1","              $16,584.37",
Global Learning Charter Public (District),04960000,"           $7,791,271.30",             502.8,"              $15,494.53","           $7,791,271.30",             502.8,"              $15,494.53",
Gloucester,01070000,"          $49,643,710.53","           2,917.8","              $17,014.28","          $56,556,399.92","           3,285.8","              $17,212.37",
Grafton,01100000,"          $40,497,319.75","           3,168.6","              $12,780.76","          $43,246,446.31","           3,274.3","              $13,207.84",
Granby,01110000,"          $10,273,667.00",             738.1,"              $13,918.86","          $11,798,519.00",             833.8,"              $14,150.30",
Greater Fall River Regional Vocational Technical,08210000,"          $28,843,459.00","           1,458.0","              $19,782.59","          $28,938,366.00","           1,470.2","              $19,683.29",
Greater Lawrence Regional Vocational Technical,08230000,"          $34,005,447.78","           1,535.2","              $22,150.82","          $34,303,942.32","           1,541.2","              $22,257.94",
Greater Lowell Regional Vocational Technical,08280000,"          $46,617,207.93","           2,292.4","              $20,335.35","          $46,835,134.94","           2,331.5","              $20,087.98",
Greater New Bedford Regional Vocational Technical,08250000,"          $42,838,821.56","           2,114.6","              $20,258.75","          $42,861,302.39","           2,117.2","              $20,244.33",
Greenfield,01140000,"          $27,649,187.00","           1,737.0","              $15,917.48","          $34,211,805.00","           2,163.3","              $15,814.64",
Greenfield Commonwealth Virtual District,39010000,"           $5,757,463.87",             579.0,"               $9,943.81","           $5,757,463.87",             579.0,"               $9,943.81",
Groton-Dunstable,06730000,"          $38,089,750.00","           2,404.8","              $15,838.90","          $41,541,212.00","           2,523.3","              $16,463.05",
Hadley,01170000,"           $9,268,846.09",             538.2,"              $17,223.00","          $11,675,308.02",             686.7,"              $17,002.05",
Halifax,01180000,"           $6,813,423.96",             612.2,"              $11,128.60","           $9,490,144.73",             659.2,"              $14,396.46",
Hamilton-Wenham,06750000,"          $31,225,901.34","           1,752.7","              $17,816.34","          $35,139,313.75","           1,807.8","              $19,437.61",
Hampden Charter School of Science East (District),04990000,"           $7,266,584.00",             498.1,"              $14,587.43","           $7,266,584.00",             498.1,"              $14,587.43",
Hampden Charter School of Science West (District),35160000,"           $3,746,216.00",             212.1,"              $17,665.83","           $3,746,216.00",             212.1,"              $17,665.83",
Hampden-Wilbraham,06800000,"          $46,697,894.00","           3,045.0","              $15,335.81","          $49,566,841.00","           3,119.4","              $15,889.86",
Hampshire,06830000,"          $13,268,918.00",             719.0,"              $18,454.11","          $15,158,018.00",             824.1,"              $18,393.42",
Hancock,01210000,"             $950,697.60",              39.5,"              $24,051.38","           $1,690,061.95",              84.9,"              $19,906.50",
Hanover,01220000,"          $37,504,519.67","           2,658.7","              $14,106.25","          $39,905,253.56","           2,723.5","              $14,652.20",
Harvard,01250000,"          $20,469,051.89","           1,072.1","              $19,092.78","          $22,274,410.32","           1,116.1","              $19,957.36",
Hatfield,01270000,"           $5,865,332.00",             441.1,"              $13,296.72","           $7,129,128.00",             508.5,"              $14,019.92",
Haverhill,01280000,"         $108,110,971.00","           8,091.6","              $13,360.82","         $120,748,211.00","           8,728.4","              $13,833.95",
Hawlemont,06850000,"           $2,513,273.85",             151.0,"              $16,647.26","           $2,660,673.94",             177.9,"              $14,956.01",
Helen Y. Davis Leadership Academy Charter Public (District),04190000,"           $4,093,239.00",             188.5,"              $21,720.56","           $4,093,239.00",             188.5,"              $21,720.56",
Hill View Montessori Charter Public (District),04550000,"           $4,084,892.12",             305.3,"              $13,380.37","           $4,084,892.12",             305.3,"              $13,380.37",
Hilltown Cooperative Charter Public (District),04500000,"           $3,608,402.38",             218.3,"              $16,528.04","           $3,608,402.38",             218.3,"              $16,528.04",
Hingham,01310000,"          $59,167,727.00","           4,217.6","              $14,028.77","          $64,025,240.00","           4,295.4","              $14,905.54",
Holbrook,01330000,"          $17,581,123.50","           1,259.7","              $13,956.66","          $21,945,612.23","           1,360.3","              $16,132.92",
Holland,01350000,"           $3,137,662.00",             229.6,"              $13,666.44","           $3,597,628.00",             237.2,"              $15,167.07",
Holliston,01360000,"          $39,155,245.44","           2,887.3","              $13,561.07","          $43,966,433.61","           2,978.3","              $14,762.26",
Holyoke,01370000,"          $92,893,276.44","           5,231.4","              $17,756.75","         $116,776,084.44","           6,589.8","              $17,720.73",
Holyoke Community Charter (District),04530000,"          $11,220,821.10",             702.3,"              $15,977.48","          $11,220,821.10",             702.3,"              $15,977.48",
Hopedale,01380000,"          $16,585,425.00","           1,091.0","              $15,201.73","          $18,430,731.00","           1,166.2","              $15,804.09",
Hopkinton,01390000,"          $54,138,199.42","           3,715.2","              $14,571.97","          $57,235,136.79","           3,793.8","              $15,086.49",
Hudson,01410000,"          $42,656,448.23","           2,571.5","              $16,587.91","          $49,444,852.77","           2,782.3","              $17,771.22",
Hull,01420000,"          $18,907,854.25",             878.3,"              $21,528.88","          $21,786,684.25",             944.6,"              $23,064.46",
Innovation Academy Charter (District),04350000,"          $12,202,345.45",             793.7,"              $15,374.20","          $12,202,345.45",             793.7,"              $15,374.20",
Ipswich,01440000,"          $29,545,742.67","           1,691.8","              $17,464.55","          $31,785,925.58","           1,742.8","              $18,238.42",
KIPP Academy Boston Charter School (District),04630000,"          $10,517,408.17",             592.1,"              $17,764.39","          $10,517,408.17",             592.1,"              $17,764.39",
KIPP Academy Lynn Charter (District),04290000,"          $26,623,282.97","           1,452.2","              $18,332.69","          $26,623,282.97","           1,452.2","              $18,332.69",
King Philip,06900000,"          $29,355,494.38","           2,021.4","              $14,522.20","          $35,822,665.38","           2,112.2","              $16,959.88",
Kingston,01450000,"          $12,965,523.36","           1,050.5","              $12,342.44","          $17,170,278.38","           1,110.2","              $15,465.93",
Lawrence,01490000,"         $214,172,064.61","          13,729.7","              $15,599.21","         $254,357,918.23","          15,803.7","              $16,094.83",
Lawrence Family Development Charter (District),04540000,"          $11,256,770.50",             759.4,"              $14,824.02","          $11,256,770.50",             759.4,"              $14,824.02",
Lee,01500000,"          $13,471,287.22",             706.0,"              $19,080.99","          $14,379,583.42",             818.8,"              $17,561.78",
Leicester,01510000,"          $20,981,146.78","           1,527.4","              $13,736.51","          $24,342,730.25","           1,698.3","              $14,333.59",
Lenox,01520000,"          $15,181,440.41",             752.4,"              $20,177.20","          $15,731,271.68",             792.2,"              $19,857.70",
Leominster,01530000,"          $84,101,497.93","           6,024.1","              $13,960.74","          $95,553,965.93","           6,478.7","              $14,748.94",
Leverett,01540000,"           $2,711,812.18",             136.5,"              $19,866.76","           $2,850,167.18",             145.4,"              $19,602.25",
Lexington,01550000,"         $125,915,691.44","           7,261.4","              $17,340.39","         $137,946,966.61","           7,381.8","              $18,687.44",
Libertas Academy Charter School (District),35140000,"           $3,187,347.00",             167.7,"              $19,005.11","           $3,187,347.00",             167.7,"              $19,005.11",
Lincoln,01570000,"          $27,755,285.34","           1,201.9","              $23,092.95","          $30,089,224.65","           1,242.7","              $24,212.78",
Lincoln-Sudbury,06950000,"          $30,507,081.63","           1,493.6","              $20,425.28","          $35,484,951.63","           1,559.3","              $22,756.98",
Littleton,01580000,"          $24,015,656.60","           1,645.7","              $14,592.73","          $28,698,611.06","           1,783.0","              $16,095.69",
Longmeadow,01590000,"          $43,190,553.85","           2,858.2","              $15,111.16","          $45,745,743.44","           2,920.3","              $15,664.74",
Lowell,01600000,"         $215,310,266.59","          14,618.8","              $14,728.27","         $250,167,865.84","          16,778.3","              $14,910.20",
Lowell Community Charter Public (District),04560000,"          $13,322,473.00",             810.3,"              $16,442.22","          $13,322,473.00",             810.3,"              $16,442.22",
Lowell Middlesex Academy Charter (District),04580000,"           $2,035,697.00",              89.7,"              $22,704.63","           $2,035,697.00",              89.7,"              $22,704.63",
Ludlow,01610000,"          $42,683,533.68","           2,562.1","              $16,659.73","          $45,421,275.69","           2,680.3","              $16,946.34",
Lunenburg,01620000,"          $22,407,777.83","           1,654.0","              $13,547.45","          $24,595,105.83","           1,784.4","              $13,783.40",
Lynn,01630000,"         $220,115,576.00","          15,768.2","              $13,959.45","         $259,359,466.00","          17,800.0","              $14,570.76",
Lynnfield,01640000,"          $34,467,564.50","           2,202.4","              $15,650.04","          $36,924,659.50","           2,236.3","              $16,511.50",
MATCH Charter Public School (District),04690000,"          $26,395,315.00","           1,220.3","              $21,630.54","          $26,395,315.00","           1,220.3","              $21,630.54",
Malden,01650000,"          $95,029,561.49","           6,483.6","              $14,656.83","         $115,427,175.64","           7,560.8","              $15,266.53",
Manchester Essex Regional,06980000,"          $25,299,971.38","           1,385.1","              $18,265.66","          $26,717,041.22","           1,418.3","              $18,837.37",
Mansfield,01670000,"          $61,443,849.16","           3,728.3","              $16,480.52","          $66,765,137.06","           3,865.7","              $17,271.16",
Map Academy Charter School (District),35170000,"           $2,175,087.00",             125.7,"              $17,306.55","           $2,175,087.00",             125.7,"              $17,306.55",
Marblehead,01680000,"          $50,569,014.79","           3,057.2","              $16,540.99","          $57,069,202.00","           3,267.6","              $17,465.17",
Marblehead Community Charter Public (District),04640000,"           $3,952,545.75",             227.4,"              $17,385.29","           $3,952,545.75",             227.4,"              $17,385.29",
Marion,01690000,"           $6,822,594.85",             452.2,"              $15,087.93","           $7,487,435.99",             464.7,"              $16,112.41",
Marlborough,01700000,"          $77,478,895.61","           4,728.4","              $16,385.78","          $92,820,538.37","           5,467.8","              $16,975.85",
Marshfield,01710000,"          $55,062,487.71","           4,045.4","              $13,611.10","          $60,496,498.48","           4,148.7","              $14,582.04",
Martha's Vineyard,07000000,"          $20,853,356.00",             618.0,"              $33,740.56","          $22,510,167.00",             658.6,"              $34,178.81",
Martha's Vineyard Charter (District),04660000,"           $5,532,037.00",             178.2,"              $31,047.46","           $5,532,037.00",             178.2,"              $31,047.46",
Martin Luther King Jr. Charter School of Excellence (District),04920000,"           $6,710,398.77",             369.7,"              $18,152.89","           $6,710,398.77",             369.7,"              $18,152.89",
Masconomet,07050000,"          $32,272,185.58","           1,758.5","              $18,352.23","          $35,786,300.83","           1,812.6","              $19,743.08",
Mashpee,01720000,"          $29,585,223.00","           1,614.6","              $18,323.81","          $32,693,695.34","           1,792.1","              $18,243.23",
Mattapoisett,01730000,"           $8,531,761.43",             443.9,"              $19,218.32","           $9,487,677.70",             461.7,"              $20,549.44",
Maynard,01740000,"          $25,484,403.51","           1,348.5","              $18,898.96","          $29,541,592.45","           1,492.6","              $19,792.04",
Medfield,01750000,"          $41,284,156.94","           2,578.1","              $16,013.58","          $43,987,866.29","           2,613.8","              $16,829.09",
Medford,01760000,"          $76,930,097.59","           4,243.0","              $18,131.28","          $86,938,505.28","           4,745.1","              $18,321.74",
Medway,01770000,"          $33,269,182.86","           2,216.4","              $15,010.53","          $37,120,793.92","           2,318.5","              $16,010.69",
Melrose,01780000,"          $46,485,165.64","           3,949.0","              $11,771.36","          $52,531,791.15","           4,236.1","              $12,400.98",
Mendon-Upton,07100000,"          $35,593,327.18","           2,288.6","              $15,552.71","          $40,183,301.18","           2,394.4","              $16,782.20",
Methuen,01810000,"          $90,399,908.75","           7,004.1","              $12,906.72","         $106,243,270.84","           7,347.4","              $14,459.98",
Middleborough,01820000,"          $44,284,938.03","           2,976.9","              $14,876.39","          $47,874,806.93","           3,123.9","              $15,325.33",
Middleton,01840000,"          $12,653,442.00",             705.6,"              $17,932.04","          $13,468,170.00",             715.3,"              $18,828.70",
Milford,01850000,"          $62,901,730.03","           4,276.6","              $14,708.45","          $69,723,191.52","           4,563.3","              $15,279.12",
Millbury,01860000,"          $27,238,407.00","           1,683.8","              $16,176.96","          $30,017,378.00","           1,767.5","              $16,982.96",
Millis,01870000,"          $19,789,818.85","           1,222.2","              $16,192.48","          $21,454,908.82","           1,284.5","              $16,702.93",
Milton,01890000,"          $62,097,614.94","           4,280.7","              $14,506.28","          $69,080,912.48","           4,376.4","              $15,784.87",
Minuteman Regional Vocational Technical,08300000,"          $20,195,144.00",             541.3,"              $37,310.51","          $20,244,380.00",             552.0,"              $36,674.60",
Mohawk Trail,07170000,"          $18,973,412.00",             899.4,"              $21,095.24","          $21,897,541.00","           1,105.4","              $19,809.61",
Monomoy Regional School District,07120000,"          $36,092,035.92","           1,888.8","              $19,108.22","          $39,585,688.39","           2,158.4","              $18,340.29",
Monson,01910000,"          $15,635,679.00",             908.4,"              $17,212.01","          $17,596,468.00","           1,012.9","              $17,372.36",
Montachusett Regional Vocational Technical,08320000,"          $28,959,993.00","           1,425.5","              $20,315.91","          $29,260,556.18","           1,480.0","              $19,770.65",
Mount Greylock,07150000,"          $20,342,431.68","           1,187.0","              $17,138.41","          $21,673,316.92","           1,251.1","              $17,323.41",
Mystic Valley Regional Charter (District),04700000,"          $20,563,649.00","           1,572.1","              $13,080.12","          $20,563,649.00","           1,572.1","              $13,080.12",
Nahant,01960000,"           $2,835,092.00",             154.3,"              $18,374.56","           $4,622,098.00",             277.1,"              $16,680.25",
Nantucket,01970000,"          $37,454,275.00","           1,649.2","              $22,710.04","          $38,357,521.00","           1,664.5","              $23,044.47",
Narragansett,07200000,"          $19,038,589.91","           1,421.7","              $13,391.06","          $21,563,480.91","           1,603.5","              $13,447.76",
Nashoba,07250000,"          $55,191,794.88","           3,229.4","              $17,090.27","          $58,444,305.68","           3,366.1","              $17,362.62",
Nashoba Valley Regional Vocational Technical,08520000,"          $14,937,985.21",             697.1,"              $21,429.95","          $14,937,986.72",             695.1,"              $21,490.41",
Natick,01980000,"          $83,516,896.53","           5,497.2","              $15,192.50","          $91,526,031.00","           5,651.5","              $16,195.00",
Nauset,06600000,"          $30,239,017.00","           1,494.1","              $20,238.35","          $33,744,606.00","           1,613.2","              $20,917.81",
Needham,01990000,"         $102,579,161.00","           5,736.2","              $17,882.74","         $109,800,578.00","           5,832.2","              $18,826.61",
Neighborhood House Charter (District),04440000,"          $13,684,503.00",             642.1,"              $21,311.77","          $13,684,503.00",             642.1,"              $21,311.77",
New Bedford,02010000,"         $186,577,141.52","          12,971.9","              $14,383.21","         $212,607,408.52","          14,491.4","              $14,671.28",
New Heights Charter School of Brockton (District),35130000,"           $7,708,658.30",             542.8,"              $14,202.18","           $7,708,658.30",             542.8,"              $14,202.18",
New Salem-Wendell,07280000,"           $3,021,977.00",             151.2,"              $19,987.35","           $3,121,458.00",             161.2,"              $19,363.88",
Newburyport,02040000,"          $38,291,416.30","           2,233.7","              $17,142.51","          $44,121,148.03","           2,462.8","              $17,915.03",
Newton,02070000,"         $247,574,343.00","          12,829.4","              $19,297.46","         $262,570,016.00","          12,985.7","              $20,219.94",
Norfolk,02080000,"          $15,586,229.00",             965.1,"              $16,149.12","          $15,967,137.00",             980.5,"              $16,284.69",
Norfolk County Agricultural,09150000,"          $13,402,718.53",             553.2,"              $24,228.84","          $13,402,717.79",             553.2,"              $24,227.62",
North Adams,02090000,"          $25,117,238.00","           1,365.4","              $18,394.92","          $28,675,473.00","           1,587.3","              $18,065.57",
North Andover,02110000,"          $62,906,307.86","           4,775.8","              $13,171.92","          $69,168,660.54","           4,874.1","              $14,191.06",
North Attleborough,02120000,"          $55,988,473.39","           4,176.4","              $13,405.85","          $60,745,994.86","           4,386.1","              $13,849.66",
North Brookfield,02150000,"           $8,372,191.37",             584.5,"              $14,323.95","           $9,317,370.96",             694.8,"              $13,410.15",
North Middlesex,07350000,"          $46,455,802.78","           3,057.9","              $15,192.31","          $54,094,833.98","           3,283.0","              $16,477.26",
North Reading,02170000,"          $38,990,989.16","           2,405.2","              $16,211.27","          $42,232,125.14","           2,452.7","              $17,218.63",
Northampton,02100000,"          $40,111,139.00","           2,647.9","              $15,148.22","          $46,093,680.00","           2,943.4","              $15,660.01",
Northampton-Smith Vocational Agricultural,04060000,"          $11,017,534.14",             481.8,"              $22,865.33","          $11,017,534.03",             481.8,"              $22,867.44",
Northboro-Southboro,07300000,"          $24,594,695.92","           1,423.9","              $17,273.04","          $25,854,963.92","           1,460.2","              $17,706.45",
Northborough,02130000,"          $28,538,789.83","           1,595.5","              $17,886.93","          $31,207,148.83","           1,671.9","              $18,665.68",
Northbridge,02140000,"          $29,749,776.02","           2,046.7","              $14,535.44","          $34,212,718.03","           2,272.7","              $15,053.78",
Northeast Metropolitan Regional Vocational Technical,08530000,"          $29,059,023.88","           1,231.8","              $23,590.59","          $29,090,223.88","           1,231.8","              $23,616.03",
Northern Berkshire Regional Vocational Technical,08510000,"          $10,429,005.25",             479.5,"              $21,749.25","          $10,485,792.25",             486.5,"              $21,553.53",
Norton,02180000,"          $35,666,728.00","           2,455.2","              $14,527.31","          $40,935,251.00","           2,610.5","              $15,681.00",
Norwell,02190000,"          $34,390,048.23","           2,181.5","              $15,764.16","          $37,780,047.64","           2,227.7","              $16,959.22",
Norwood,02200000,"          $55,342,455.94","           3,452.2","              $16,030.89","          $62,255,745.59","           3,600.1","              $17,292.78",
Oak Bluffs,02210000,"          $10,359,558.76",             446.9,"              $23,183.24","          $11,326,375.76",             500.1,"              $22,648.22",
Old Colony Regional Vocational Technical,08550000,"          $11,927,431.00",             539.7,"              $22,101.71","          $11,942,431.00",             542.7,"              $22,005.59",
Old Rochester,07400000,"          $20,063,407.79","           1,208.8","              $16,598.32","          $20,152,836.90","           1,220.8","              $16,507.89",
Old Sturbridge Academy Charter Public School (District),35150000,"           $2,871,245.84",             199.4,"              $14,399.43","           $2,871,245.84",             199.4,"              $14,399.43",
Orange,02230000,"           $8,780,425.80",             585.8,"              $14,987.64","           $9,699,037.80",             679.0,"              $14,284.30",
Orleans,02240000,"           $5,269,562.00",             212.9,"              $24,753.29","           $5,589,092.00",             224.7,"              $24,873.57",
Oxford,02260000,"          $22,680,294.16","           1,627.4","              $13,936.19","          $26,025,424.84","           1,777.3","              $14,643.24",
Palmer,02270000,"          $20,848,227.02","           1,317.6","              $15,823.01","          $23,673,509.89","           1,459.6","              $16,219.18",
Pathfinder Regional Vocational Technical,08600000,"          $14,847,457.26",             639.2,"              $23,227.58","          $14,993,542.90",             653.2,"              $22,953.98",
Paulo Freire Social Justice Charter School (District),35010000,"           $4,733,275.00",             284.7,"              $16,627.82","           $4,733,275.00",             284.7,"              $16,627.82",
Peabody,02290000,"          $85,434,762.72","           5,966.5","              $14,319.16","          $94,524,413.54","           6,178.4","              $15,299.17",
Pelham,02300000,"           $2,327,304.06",             134.5,"              $17,304.81","           $2,372,410.06",             144.8,"              $16,384.05",
Pembroke,02310000,"          $39,849,745.28","           2,802.9","              $14,217.38","          $44,807,761.04","           2,960.0","              $15,137.76",
Pentucket,07450000,"          $37,026,427.83","           2,404.6","              $15,398.49","          $41,233,427.83","           2,513.1","              $16,407.40",
Petersham,02340000,"           $2,040,170.00",             120.3,"              $16,966.07","           $2,257,095.00",             135.2,"              $16,694.49",
Phoenix Academy Public Charter High School Lawrence (District),35180000,"           $1,995,361.00",             128.3,"              $15,557.16","           $1,995,361.00",             128.3,"              $15,557.16",
Phoenix Academy Public Charter High School Springfield (District),35080000,"           $2,956,925.00",             188.2,"              $15,709.94","           $2,956,925.00",             188.2,"              $15,709.94",
Phoenix Charter Academy (District),04930000,"           $4,696,093.00",             195.4,"              $24,036.92","           $4,696,093.00",             195.4,"              $24,036.92",
Pioneer Charter School of Science (District),04940000,"          $11,065,851.30",             784.0,"              $14,114.43","          $11,065,851.30",             784.0,"              $14,114.43",
Pioneer Charter School of Science II (PCSS-II) (District),35060000,"           $5,349,277.25",             360.2,"              $14,850.44","           $5,349,277.25",             360.2,"              $14,850.44",
Pioneer Valley,07500000,"          $14,113,692.46",             738.0,"              $19,123.38","          $15,722,055.62",             837.3,"              $18,777.09",
Pioneer Valley Chinese Immersion Charter (District),04970000,"           $8,726,722.90",             517.8,"              $16,854.44","           $8,726,722.90",             517.8,"              $16,854.44",
Pioneer Valley Performing Arts Charter Public (District),04790000,"           $7,049,225.01",             392.3,"              $17,969.88","           $7,049,225.01",             392.3,"              $17,969.88",
Pittsfield,02360000,"          $90,795,896.19","           5,431.4","              $16,716.78","         $100,826,852.19","           6,203.6","              $16,252.96",
Plainville,02380000,"          $12,265,693.68",             719.0,"              $17,060.17","          $13,418,172.47",             765.4,"              $17,530.93",
Plymouth,02390000,"         $132,273,003.77","           7,410.3","              $17,849.91","         $149,380,157.34","           8,116.9","              $18,403.60",
Plympton,02400000,"           $3,405,149.01",             201.0,"              $16,941.04","           $4,179,119.62",             219.5,"              $19,039.27",
Prospect Hill Academy Charter (District),04870000,"          $23,189,922.50","           1,118.2","              $20,738.25","          $23,189,922.50","           1,118.2","              $20,738.25",
Provincetown,02420000,"           $5,701,796.72",             127.1,"              $44,858.75","           $7,025,421.52",             185.0,"              $37,975.25",
Quabbin,07530000,"          $34,459,028.77","           2,118.8","              $16,263.38","          $38,876,248.36","           2,308.0","              $16,844.13",
Quaboag Regional,07780000,"          $18,845,505.67","           1,310.0","              $14,385.82","          $20,347,092.25","           1,406.2","              $14,469.56",
Quincy,02430000,"         $146,338,175.39","           9,500.8","              $15,402.79","         $163,135,812.02","           9,741.9","              $16,745.79",
Ralph C Mahar,07550000,"          $12,556,667.56",             763.5,"              $16,447.15","          $14,842,330.94",             865.7,"              $17,144.89",
Randolph,02440000,"          $50,513,354.68","           2,798.4","              $18,051.05","          $62,642,664.80","           3,390.7","              $18,474.85",
Reading,02460000,"          $58,138,672.03","           4,182.3","              $13,901.27","          $63,798,486.69","           4,268.2","              $14,947.40",
Revere,02480000,"         $103,140,832.97","           7,530.2","              $13,696.88","         $126,129,086.85","           8,154.0","              $15,468.37",
Richmond,02490000,"           $3,290,027.80",             179.3,"              $18,344.74","           $3,829,253.52",             216.7,"              $17,670.76",
Rising Tide Charter Public (District),04830000,"          $10,423,004.38",             654.7,"              $15,921.25","          $10,423,004.38",             654.7,"              $15,921.25",
River Valley Charter (District),04820000,"           $4,726,849.00",             287.9,"              $16,416.66","           $4,726,849.00",             287.9,"              $16,416.66",
Rochester,02500000,"           $7,149,138.71",             513.7,"              $13,917.25","           $7,661,585.14",             525.5,"              $14,579.61",
Rockland,02510000,"          $35,748,715.00","           2,255.9","              $15,846.88","          $40,606,302.00","           2,436.0","              $16,669.25",
Rockport,02520000,"          $17,323,341.00",             894.7,"              $19,362.78","          $19,695,453.00",             945.7,"              $20,826.32",
Rowe,02530000,"           $1,963,210.17",              66.0,"              $29,745.61","           $2,537,526.54",              94.2,"              $26,937.65",
Roxbury Preparatory Charter (District),04840000,"          $27,153,316.56","           1,509.9","              $17,983.40","          $27,153,316.56","           1,509.9","              $17,983.40",
Sabis International Charter (District),04410000,"          $21,688,172.27","           1,572.1","              $13,796.11","          $21,688,172.27","           1,572.1","              $13,796.11",
Salem,02580000,"          $73,858,857.83","           3,742.6","              $19,734.55","          $91,956,043.15","           4,744.6","              $19,381.20",
Salem Academy Charter (District),04850000,"           $8,108,045.35",             486.6,"              $16,662.31","           $8,108,045.35",             486.6,"              $16,662.31",
Sandwich,02610000,"          $46,553,091.00","           2,513.2","              $18,523.15","          $53,175,460.00","           2,842.5","              $18,707.29",
Saugus,02620000,"          $43,403,277.48","           2,615.5","              $16,594.67","          $49,795,912.51","           2,902.9","              $17,153.85",
Savoy,02630000,"             $973,176.57",              62.4,"              $15,599.95","           $1,241,692.66",              92.9,"              $13,365.91",
Scituate,02640000,"          $45,031,193.00","           2,972.3","              $15,150.26","          $49,137,186.00","           3,027.5","              $16,230.28",
Seekonk,02650000,"          $32,223,615.48","           2,083.6","              $15,465.36","          $35,541,840.67","           2,140.4","              $16,605.23",
Seven Hills Charter Public (District),04860000,"          $10,411,095.00",             665.6,"              $15,640.73","          $10,411,095.00",             665.6,"              $15,640.73",
Sharon,02660000,"          $59,267,268.55","           3,640.9","              $16,278.07","          $63,742,459.38","           3,692.6","              $17,262.22",
Shawsheen Valley Regional Vocational Technical,08710000,"          $30,991,217.00","           1,264.4","              $24,509.64","          $31,118,553.00","           1,275.1","              $24,404.79",
Sherborn,02690000,"           $7,898,137.28",             416.9,"              $18,944.67","           $8,965,069.28",             422.4,"              $21,224.12",
Shrewsbury,02710000,"          $83,841,954.94","           6,192.0","              $13,540.27","          $91,497,587.98","           6,421.8","              $14,247.97",
Shutesbury,02720000,"           $2,672,108.29",             126.9,"              $21,055.88","           $2,917,032.19",             144.9,"              $20,131.35",
Silver Lake,07600000,"          $30,320,759.13","           1,755.1","              $17,276.29","          $31,272,595.40","           1,834.5","              $17,046.93",
Sizer School: A North Central Charter Essential (District),04740000,"           $6,115,348.29",             364.1,"              $16,798.10","           $6,115,348.29",             364.1,"              $16,798.10",
Somerset,02730000,"          $26,794,368.00","           1,793.3","              $14,941.65","          $29,296,099.00","           1,847.4","              $15,858.02",
Somerset Berkley Regional School District,07630000,"          $15,141,246.80","           1,012.7","              $14,950.79","          $17,242,339.24","           1,067.7","              $16,149.05",
Somerville,02740000,"          $96,007,718.31","           4,961.5","              $19,350.37","         $111,171,544.42","           5,466.6","              $20,336.51",
South Hadley,02780000,"          $28,125,707.96","           1,919.5","              $14,652.79","          $32,524,034.35","           2,171.3","              $14,979.06",
South Middlesex Regional Vocational Technical,08290000,"          $19,708,891.65",             739.4,"              $26,656.65","          $19,708,891.31",             740.4,"              $26,619.25",
South Shore Charter Public (District),04880000,"          $14,875,562.00",             946.3,"              $15,720.04","          $14,875,562.00",             946.3,"              $15,720.04",
South Shore Regional Vocational Technical,08730000,"          $13,320,587.00",             629.6,"              $21,157.97","          $13,320,587.00",             629.6,"              $21,157.22",
Southampton,02750000,"           $6,175,055.00",             500.9,"              $12,328.60","           $7,381,881.00",             568.3,"              $12,989.41",
Southborough,02760000,"          $24,430,598.54","           1,267.2","              $19,279.37","          $26,102,099.49","           1,289.3","              $20,245.17",
Southbridge,02770000,"          $35,440,866.66","           2,005.1","              $17,675.17","          $40,912,195.03","           2,367.9","              $17,277.84",
Southeastern Regional Vocational Technical,08720000,"          $31,180,243.00","           1,539.3","              $20,256.26","          $31,195,212.00","           1,536.3","              $20,305.42",
Southern Berkshire,07650000,"          $16,892,234.78",             677.8,"              $24,921.74","          $17,843,082.65",             794.3,"              $22,463.91",
Southern Worcester County Regional Vocational Technical,08760000,"          $21,599,723.00","           1,106.1","              $19,526.94","          $21,791,057.00","           1,136.8","              $19,168.77",
Southwick-Tolland-Granville Regional School District,07660000,"          $22,403,742.64","           1,518.2","              $14,756.67","          $24,586,615.97","           1,620.3","              $15,174.11",
Spencer-E Brookfield,07670000,"          $22,240,186.00","           1,407.7","              $15,799.14","          $27,583,454.00","           1,695.5","              $16,268.63",
Springfield,02810000,"         $430,209,196.24","          25,293.6","              $17,008.65","         $509,332,216.26","          30,444.0","              $16,730.13",
Springfield Preparatory Charter School (District),35100000,"           $4,290,594.06",             269.7,"              $15,907.59","           $4,290,594.06",             269.7,"              $15,907.59",
Stoneham,02840000,"          $38,707,099.11","           2,384.5","              $16,232.76","          $43,746,583.67","           2,557.2","              $17,107.22",
Stoughton,02850000,"          $52,692,951.46","           3,486.9","              $15,111.71","          $60,707,067.70","           3,701.5","              $16,400.67",
Sturbridge,02870000,"          $12,856,457.00",             889.7,"              $14,449.97","          $15,198,425.00",             920.9,"              $16,503.88",
Sturgis Charter Public (District),04890000,"          $12,869,035.00",             838.2,"              $15,353.18","          $12,869,035.00",             838.2,"              $15,353.18",
Sudbury,02880000,"          $43,612,340.00","           2,667.8","              $16,347.54","          $46,812,469.00","           2,736.4","              $17,107.32",
Sunderland,02890000,"           $3,853,839.98",             231.2,"              $16,670.46","           $3,995,320.18",             250.6,"              $15,943.02",
Sutton,02900000,"          $20,093,502.07","           1,384.2","              $14,516.68","          $21,426,232.55","           1,428.8","              $14,995.96",
Swampscott,02910000,"          $36,239,717.00","           2,206.1","              $16,427.01","          $39,797,317.00","           2,282.6","              $17,435.08",
Swansea,02920000,"          $29,025,829.89","           2,091.2","              $13,879.91","          $30,464,416.30","           2,161.8","              $14,092.15",
TEC Connections Academy Commonwealth Virtual School District,39020000,"          $20,428,159.00","           2,228.0","               $9,168.83","          $20,428,159.00","           2,228.0","               $9,168.83",
Tantasqua,07700000,"          $26,131,484.00","           1,782.4","              $14,660.93","          $26,442,193.00","           1,822.5","              $14,508.75",
Taunton,02930000,"         $110,347,339.37","           8,052.1","              $13,704.21","         $122,045,635.31","           8,400.0","              $14,529.24",
Tewksbury,02950000,"          $57,847,397.00","           3,438.2","              $16,825.13","          $65,824,816.47","           3,609.6","              $18,236.04",
Tisbury,02960000,"           $9,055,751.00",             309.5,"              $29,260.87","          $10,005,425.51",             376.3,"              $26,588.96",
Topsfield,02980000,"          $10,526,887.00",             648.9,"              $16,221.97","          $10,928,660.00",             653.9,"              $16,713.04",
Tri-County Regional Vocational Technical,08780000,"          $21,045,382.00","           1,057.2","              $19,906.93","          $21,085,803.00","           1,061.2","              $19,869.77",
Triton,07730000,"          $41,945,927.00","           2,368.8","              $17,707.59","          $46,389,313.00","           2,546.3","              $18,218.32",
Truro,03000000,"           $4,630,329.39",             108.1,"              $42,829.36","           $7,391,442.35",             229.3,"              $32,234.81",
Tyngsborough,03010000,"          $24,623,054.00","           1,624.7","              $15,155.39","          $28,033,102.00","           1,765.9","              $15,874.68",
UP Academy Charter School of Boston (District),04800000,"           $8,398,399.00",             504.2,"              $16,657.06","           $8,398,399.00",             504.2,"              $16,657.06",
UP Academy Charter School of Dorchester (District),35050000,"          $11,084,046.01",             722.8,"              $15,335.41","          $11,084,046.01",             722.8,"              $15,335.41",
Up-Island Regional,07740000,"          $11,573,837.06",             411.6,"              $28,120.66","          $13,019,232.87",             479.8,"              $27,134.71",
Upper Cape Cod Regional Vocational Technical,08790000,"          $17,680,564.77",             773.8,"              $22,847.86","          $17,687,164.52",             779.1,"              $22,702.05",
Uxbridge,03040000,"          $26,532,261.00","           1,679.7","              $15,795.52","          $30,832,018.00","           1,917.9","              $16,075.93",
Veritas Preparatory Charter School (District),04980000,"           $6,560,235.19",             348.1,"              $18,848.00","           $6,560,235.19",             348.1,"              $18,848.00",
Wachusett,07750000,"          $91,996,782.14","           7,108.6","              $12,941.63","         $100,984,903.78","           7,341.9","              $13,754.60",
Wakefield,03050000,"          $53,478,747.51","           3,499.8","              $15,280.61","          $58,961,303.61","           3,629.4","              $16,245.47",
Wales,03060000,"           $2,263,260.00",             148.1,"              $15,278.53","           $2,600,248.00",             163.7,"              $15,884.23",
Walpole,03070000,"          $59,130,327.51","           3,768.6","              $15,690.26","          $64,011,429.24","           3,886.0","              $16,472.32",
Waltham,03080000,"         $119,090,108.26","           5,582.8","              $21,331.65","         $127,009,430.00","           5,781.5","              $21,968.25",
Ware,03090000,"          $17,989,905.68","           1,166.5","              $15,422.78","          $20,631,224.50","           1,379.0","              $14,961.00",
Wareham,03100000,"          $41,779,998.24","           2,119.9","              $19,708.94","          $51,087,277.70","           2,528.1","              $20,207.78",
Watertown,03140000,"          $55,747,750.33","           2,644.8","              $21,078.51","          $62,615,504.23","           2,792.5","              $22,422.74",
Wayland,03150000,"          $50,694,163.75","           2,707.1","              $18,726.49","          $53,689,167.16","           2,761.4","              $19,442.73",
Webster,03160000,"          $28,611,463.00","           1,843.5","              $15,520.28","          $32,771,151.00","           2,054.8","              $15,948.58",
Wellesley,03170000,"          $97,780,268.50","           4,954.8","              $19,734.59","         $105,659,336.95","           5,027.5","              $21,016.28",
Wellfleet,03180000,"           $3,451,786.00",             102.2,"              $33,765.64","           $3,687,925.00",             120.3,"              $30,656.07",
West Boylston,03220000,"          $14,937,057.06",             891.2,"              $16,760.09","          $17,293,431.06",             996.9,"              $17,347.21",
West Bridgewater,03230000,"          $17,099,102.01","           1,346.6","              $12,697.93","          $18,842,713.20","           1,387.5","              $13,580.33",
West Springfield,03320000,"          $57,095,812.00","           4,097.0","              $13,935.85","          $63,805,250.00","           4,282.5","              $14,899.07",
Westborough,03210000,"          $64,123,392.83","           3,946.4","              $16,248.69","          $67,606,485.38","           3,998.7","              $16,907.12",
Westfield,03250000,"          $79,145,979.64","           5,305.7","              $14,917.04","          $86,879,488.64","           5,605.6","              $15,498.70",
Westford,03260000,"          $72,795,144.71","           5,084.3","              $14,317.65","          $78,167,478.70","           5,166.2","              $15,130.56",
Westhampton,03270000,"           $2,277,631.00",             122.8,"              $18,543.29","           $2,908,700.00",             154.7,"              $18,802.20",
Weston,03300000,"          $52,262,282.51","           2,092.8","              $24,971.96","          $55,013,702.14","           2,128.5","              $25,846.23",
Westport,03310000,"          $22,547,248.00","           1,446.9","              $15,583.50","          $24,786,885.00","           1,563.2","              $15,856.50",
Westwood,03350000,"          $58,502,394.00","           3,098.8","              $18,878.95","          $60,501,016.00","           3,122.1","              $19,378.31",
Weymouth,03360000,"          $87,671,024.09","           5,797.3","              $15,122.69","         $100,764,928.51","           6,211.7","              $16,221.80",
Whately,03370000,"           $2,309,201.96",             135.7,"              $17,014.18","           $2,422,558.96",             149.9,"              $16,161.17",
Whitman-Hanson,07800000,"          $50,989,598.64","           3,804.3","              $13,403.05","          $55,505,931.27","           3,939.2","              $14,090.66",
Whittier Regional Vocational Technical,08850000,"          $25,178,735.00","           1,216.1","              $20,704.30","          $25,241,624.00","           1,216.1","              $20,756.21",
Williamsburg,03400000,"           $2,719,578.43",             151.2,"              $17,986.63","           $3,403,533.43",             197.5,"              $17,233.08",
Wilmington,03420000,"          $54,164,567.00","           3,186.7","              $16,996.86","          $61,192,272.00","           3,277.0","              $18,673.26",
Winchendon,03430000,"          $17,938,547.00","           1,256.9","              $14,272.37","          $20,624,970.00","           1,456.2","              $14,163.56",
Winchester,03440000,"          $64,961,403.49","           4,635.8","              $14,013.12","          $69,152,878.26","           4,701.1","              $14,709.94",
Winthrop,03460000,"          $26,504,843.88","           1,977.7","              $13,401.85","          $28,618,489.47","           2,034.3","              $14,067.98",
Woburn,03470000,"          $79,508,426.96","           4,533.6","              $17,537.55","          $86,647,131.64","           4,683.9","              $18,498.93",
Worcester,03480000,"         $376,560,758.92","          25,430.4","              $14,807.51","         $431,856,728.52","          28,580.4","              $15,110.24",
Worthington,03490000,"           $1,262,071.00",              75.7,"              $16,668.34","           $2,062,300.00",             144.1,"              $14,311.59",
Wrentham,03500000,"          $16,405,805.00",             967.5,"              $16,957.20","          $17,320,871.00","           1,004.4","              $17,244.99",
State Totals,00000000,"      $15,807,134,885.53","         952,907.9","              $16,588.31","      $16,884,101,028.38","         984,491.4","              $17,150.07",